"order_id","customer_id","order_date","shipped_date","country","region","product_count","total_order_amount","avg_product_price","avg_discount"
10248,"VINET","1996-07-04","1996-07-16","France",NULL,"3","439.99999809265137","19.53333314259847","0"
10249,"TOMSP","1996-07-05","1996-07-10","Germany",NULL,"2","1863.4000644683838","30.500000953674316","0"
10250,"HANAR","1996-07-08","1996-07-12","Brazil","RJ","3","1813.0000400543213","22.300000190734863","0.10000000397364299"
10251,"VICTE","1996-07-08","1996-07-15","France",NULL,"3","670.7999858856201","16.399999618530273","0.033333333830038704"
10252,"SUPRD","1996-07-09","1996-07-11","Belgium",NULL,"3","3730.0001525878906","31.33333460489909","0.033333333830038704"
10253,"HANAR","1996-07-10","1996-07-16","Brazil","RJ","3","1444.7999839782715","13.466666539510092","0"
10254,"CHOPS","1996-07-11","1996-07-23","Switzerland",NULL,"3","625.200014591217","10.266666889190674","0.10000000397364299"
10255,"RICSU","1996-07-12","1996-07-15","Switzerland",NULL,"4","2490.4999780654907","22.074999809265137","0"
10256,"WELLI","1996-07-15","1996-07-17","Brazil","SP","2","517.8000068664551","18.300000190734863","0"
10257,"HILAA","1996-07-16","1996-07-22","Venezuela","Táchira","3","1119.899953842163","19.966665903727215","0"
10258,"ERNSH","1996-07-17","1996-07-23","Austria",NULL,"3","2018.5999927520752","19.266666730244953","0.20000000298023224"
10259,"CENTC","1996-07-18","1996-07-25","Mexico",NULL,"2","100.79999923706055","14.399999618530273","0"
10260,"OTTIK","1996-07-19","1996-07-29","Germany",NULL,"4","1746.200038909912","18.675000429153442","0.1875"
10261,"QUEDE","1996-07-19","1996-07-30","Brazil","RJ","2","447.99999237060547","11.199999809265137","0"
10262,"RATTC","1996-07-22","1996-07-25","USA","NM","3","624.7999992370605","23.799999872843426","0.06666666766007741"
10263,"ERNSH","1996-07-23","1996-07-31","Austria",NULL,"4","2464.8000202178955","11.550000071525574","0.1875"
10264,"FOLKO","1996-07-24","1996-08-23","Sweden",NULL,"2","724.4999885559082","11.449999809265137","0.07500000298023224"
10265,"BLONP","1996-07-25","1996-08-12","France",NULL,"2","1176.0000228881836","21.600000381469727","0"
10266,"WARTH","1996-07-26","1996-07-31","Finland",NULL,"1","364.7999954223633","30.399999618530273","0.05000000074505806"
10267,"FRANK","1996-07-29","1996-08-06","Germany",NULL,"3","4030.999984741211","24.366666475931805","0.10000000397364299"
10268,"GROSR","1996-07-30","1996-08-02","Venezuela","DF","2","1101.1999969482422","63.39999961853027","0"
10269,"WHITC","1996-07-31","1996-08-09","USA","WA","2","675.9999847412109","14.899999618530273","0.05000000074505806"
10270,"WARTH","1996-08-01","1996-08-02","Finland",NULL,"2","1375.9999752044678","25.999999523162842","0"
10271,"SPLIR","1996-08-01","1996-08-30","USA","WY","1","48","2","0"
10272,"RATTC","1996-08-02","1996-08-06","USA","NM","3","1456","34.20000076293945","0"
10273,"QUICK","1996-08-05","1996-08-12","Germany",NULL,"5","2142.3999576568604","13.179999732971192","0.04000000059604645"
10274,"VINET","1996-08-06","1996-08-16","France",NULL,"2","538.6000099182129","22.5","0"
10275,"MAGAA","1996-08-07","1996-08-09","Italy",NULL,"2","307.1999988555908","23.799999952316284","0.05000000074505806"
10276,"TORTU","1996-08-08","1996-08-14","Mexico",NULL,"2","419.99999046325684","14.799999713897705","0"
10277,"MORGK","1996-08-09","1996-08-13","Germany",NULL,"2","1200.800048828125","37.900001525878906","0"
10278,"BERGS","1996-08-12","1996-08-16","Sweden",NULL,"4","1488.7999877929688","26.649999618530273","0"
10279,"LEHMS","1996-08-13","1996-08-16","Germany",NULL,"1","468.0000114440918","31.200000762939453","0.25"
10280,"BERGS","1996-08-14","1996-09-12","Sweden",NULL,"3","613.200008392334","9.666666825612387","0"
10281,"ROMEY","1996-08-14","1996-08-21","Spain",NULL,"3","86.49999809265137","8.433333237965902","0"
10282,"ROMEY","1996-08-15","1996-08-21","Spain",NULL,"2","155.40000534057617","18.15000057220459","0"
10283,"LILAS","1996-08-16","1996-08-23","Venezuela","Lara","4","1414.8000202178955","18.674999952316284","0"
10284,"LEHMS","1996-08-19","1996-08-27","Germany",NULL,"4","1451.9999914169312","22.24999976158142","0.1875"
10285,"QUICK","1996-08-20","1996-08-26","Germany",NULL,"3","2179.200002670288","18.43333339691162","0.20000000298023224"
10286,"QUICK","1996-08-21","1996-08-30","Germany",NULL,"2","3016.0000228881836","26.90000057220459","0"
10287,"RICAR","1996-08-22","1996-08-28","Brazil","RJ","3","923.9999866485596","11.566666603088379","0.10000000397364299"
10288,"REGGC","1996-08-23","1996-09-03","Italy",NULL,"2","89.00000095367432","7.950000047683716","0.10000000149011612"
10289,"BSBEV","1996-08-26","1996-08-28","UK",NULL,"2","479.40000343322754","17.300000190734863","0"
10290,"COMMI","1996-08-27","1996-09-03","Brazil","SP","4","2168.9999961853027","35.59999990463257","0"
10291,"QUEDE","1996-08-27","1996-09-04","Brazil","RJ","3","552.8000068664551","20.90000057220459","0.10000000149011612"
10292,"TRADH","1996-08-28","1996-09-02","Brazil","SP","1","1296.0000610351562","64.80000305175781","0"
10293,"TORTU","1996-08-29","1996-09-11","Mexico",NULL,"4","848.699990272522","23.7249995470047","0"
10294,"RATTC","1996-08-30","1996-09-05","USA","NM","5","1887.6000080108643","23.160000038146972","0"
10295,"VINET","1996-09-02","1996-09-10","France",NULL,"1","121.5999984741211","30.399999618530273","0"
10296,"LILAS","1996-09-03","1996-09-11","Venezuela","Lara","3","1050.599967956543","19.833332697550457","0"
10297,"BLONP","1996-09-04","1996-09-10","France",NULL,"2","1419.9999618530273","21.09999942779541","0"
10298,"HUNGO","1996-09-05","1996-09-11","Ireland","Co. Cork","4","3127.0000076293945","28.450000286102295","0.125"
10299,"RICAR","1996-09-06","1996-09-13","Brazil","RJ","2","349.50000286102295","9.650000095367432","0"
10300,"MAGAA","1996-09-09","1996-09-18","Italy",NULL,"2","608.0000114440918","11.800000190734863","0"
10301,"WANDK","1996-09-09","1996-09-17","Germany",NULL,"2","754.9999904632568","22.549999713897705","0"
10302,"SUPRD","1996-09-10","1996-10-09","Belgium",NULL,"3","2708.800064086914","34.800000508626304","0"
10303,"GODOS","1996-09-11","1996-09-18","Spain",NULL,"3","1241.9999694824219","13.833333015441895","0.10000000149011612"
10304,"TORTU","1996-09-12","1996-09-17","Mexico",NULL,"3","954.4000015258789","25.733333587646484","0"
10305,"OLDWO","1996-09-13","1996-10-09","USA","AK","3","4156.999988555908","54.46666653951009","0.10000000149011612"
10306,"ROMEY","1996-09-16","1996-09-23","Spain",NULL,"3","498.5000157356262","17.600000540415447","0"
10307,"LONEP","1996-09-17","1996-09-25","USA","OR","2","424.00001525878906","24.700000762939453","0"
10308,"ANATR","1996-09-18","1996-09-24","Mexico",NULL,"2","88.79999923706055","20.399999618530273","0"
10309,"HUNGO","1996-09-19","1996-10-23","Ireland","Co. Cork","5","1761.999994277954","20.560000038146974","0"
10310,"THEBI","1996-09-20","1996-09-27","USA","OR","2","336.00000381469727","26.65000057220459","0"
10311,"DUMON","1996-09-20","1996-09-26","France",NULL,"2","268.79999351501465","19.999999523162842","0"
10312,"WANDK","1996-09-23","1996-10-03","Germany",NULL,"4","1614.8000011444092","26.40000033378601","0"
10313,"QUICK","1996-09-24","1996-10-04","Germany",NULL,"1","182.39999771118164","15.199999809265137","0"
10314,"RATTC","1996-09-25","1996-10-04","USA","NM","3","2327.0000648498535","25.200000762939453","0.10000000149011612"
10315,"ISLAT","1996-09-26","1996-10-03","UK","Isle of Wight","2","516.7999973297119","11.599999904632568","0"
10316,"RATTC","1996-09-27","1996-10-08","USA","NM","2","2835.000104904175","23.55000066757202","0"
10317,"LONEP","1996-09-30","1996-10-10","USA","OR","1","287.99999237060547","14.399999618530273","0"
10318,"ISLAT","1996-10-01","1996-10-04","UK","Isle of Wight","2","240.39999389648438","11.049999713897705","0"
10319,"TORTU","1996-10-02","1996-10-11","Mexico",NULL,"3","1191.2000160217285","27.33333396911621","0"
10320,"WARTH","1996-10-03","1996-10-18","Finland",NULL,"1","516.0000228881836","17.200000762939453","0"
10321,"ISLAT","1996-10-03","1996-10-11","UK","Isle of Wight","1","143.99999618530273","14.399999618530273","0"
10322,"PERIC","1996-10-04","1996-10-23","Mexico",NULL,"1","111.99999809265137","5.599999904632568","0"
10323,"KOENE","1996-10-07","1996-10-14","Germany",NULL,"3","164.399995803833","12.666666348775228","0"
10324,"SAVEA","1996-10-08","1996-10-10","USA","ID","5","6155.899854660034","23.399999618530273","0.12000000476837158"
10325,"KOENE","1996-10-09","1996-10-14","Germany",NULL,"5","1496.9999752044678","16.239999961853027","0"
10326,"BOLID","1996-10-10","1996-10-14","Spain",NULL,"3","982.0000057220459","13.133333524068197","0"
10327,"FOLKO","1996-10-11","1996-10-14","Sweden",NULL,"4","2262.4999952316284","15.825000047683716","0.20000000298023224"
10328,"FURIB","1996-10-14","1996-10-17","Portugal",NULL,"3","1167.9999694824219","23.599999745686848","0"
10329,"SPLIR","1996-10-15","1996-10-23","USA","WY","4","4819.400064468384","67.3000009059906","0.05000000074505806"
10330,"LILAS","1996-10-16","1996-10-28","Venezuela","Lara","2","1939.9999618530273","26.34999942779541","0.15000000596046448"
10331,"BONAP","1996-10-16","1996-10-21","France",NULL,"1","88.50000143051147","5.900000095367432","0"
10332,"MEREP","1996-10-17","1996-10-21","Canada","Québec","3","2233.5999965667725","22.9333332379659","0.20000000298023224"
10333,"WARTH","1996-10-18","1996-10-25","Finland",NULL,"3","954.0000343322754","14.600000381469727","0.06666666766007741"
10334,"VICTE","1996-10-21","1996-10-28","France",NULL,"2","144.79999923706055","7.799999952316284","0"
10335,"HUNGO","1996-10-22","1996-10-24","Ireland","Co. Cork","4","2545.200074195862","23.300000429153442","0.20000000298023224"
10336,"PRINI","1996-10-23","1996-10-25","Portugal",NULL,"1","316.8000068664551","17.600000381469727","0.10000000149011612"
10337,"FRANK","1996-10-24","1996-10-29","Germany",NULL,"5","2466.9999389648438","19.179999542236327","0"
10338,"OLDWO","1996-10-25","1996-10-29","USA","AK","2","934.5000267028809","25.950000762939453","0"
10339,"MEREP","1996-10-28","1996-11-04","Canada","Québec","3","3463.2000999450684","29.400000890096027","0.016666666915019352"
10340,"BONAP","1996-10-29","1996-11-08","France",NULL,"3","2564.3999671936035","31.499999682108562","0.05000000074505806"
10341,"SIMOB","1996-10-29","1996-11-05","Denmark",NULL,"2","412","23","0.07500000298023224"
10342,"FRANK","1996-10-30","1996-11-04","Germany",NULL,"4","2300.800018310547","14.900000095367432","0.20000000298023224"
10343,"LEHMS","1996-10-31","1996-11-06","Germany",NULL,"3","1586.0000133514404","17","0.016666666915019352"
10344,"WHITC","1996-11-01","1996-11-05","USA","WA","2","2856.0000133514404","24.800000190734863","0.125"
10345,"QUICK","1996-11-04","1996-11-11","Germany",NULL,"3","2924.8000135421753","16.833333333333332","0"
10346,"RATTC","1996-11-05","1996-11-08","USA","NM","2","1731.2000198364258","30.800000190734863","0.05000000074505806"
10347,"FAMIA","1996-11-06","1996-11-08","Brazil","SP","4","927.9999771118164","11.624999761581421","0.07500000298023224"
10348,"WANDK","1996-11-07","1996-11-15","Germany",NULL,"2","395.9999895095825","10.799999713897705","0.07500000298023224"
10349,"SPLIR","1996-11-08","1996-11-15","USA","WY","1","141.60000228881836","5.900000095367432","0"
10350,"LAMAI","1996-11-11","1996-12-03","France",NULL,"2","713.3999862670898","20.899999618530273","0.10000000149011612"
10351,"ERNSH","1996-11-11","1996-11-20","Austria",NULL,"4","5677.6000509262085","62.700000524520874","0.037500000558793545"
10352,"FURIB","1996-11-12","1996-11-18","Portugal",NULL,"2","154.00000095367432","4.75","0.07500000298023224"
10353,"PICCO","1996-11-13","1996-11-25","Austria",NULL,"2","10741.600143432617","113.80000114440918","0.20000000298023224"
10354,"PERIC","1996-11-14","1996-11-20","Mexico",NULL,"2","568.7999954223633","56.69999980926514","0"
10355,"AROUT","1996-11-15","1996-11-20","UK",NULL,"2","480.0000071525574","9.600000143051147","0"
10356,"WANDK","1996-11-18","1996-11-27","Germany",NULL,"3","1106.3999938964844","19.333333333333332","0"
10357,"LILAS","1996-11-19","1996-12-02","Venezuela","Lara","3","1359.9999771118164","25.633333206176758","0.13333333532015482"
10358,"LAMAI","1996-11-20","1996-11-27","France",NULL,"3","451.9999933242798","9.999999841054281","0.05000000074505806"
10359,"SEVES","1996-11-21","1996-11-26","UK",NULL,"3","3654.4000396728516","17.03333346048991","0.05000000074505806"
10360,"BLONP","1996-11-22","1996-12-02","France",NULL,"5","7390.200078964233","73.62000093460082","0"
10361,"QUICK","1996-11-22","1996-12-03","Germany",NULL,"2","2273.6000213623047","20.800000190734863","0.10000000149011612"
10362,"BONAP","1996-11-25","1996-11-28","France",NULL,"3","1549.6000232696533","19.83333381017049","0"
10363,"DRACD","1996-11-26","1996-12-04","Germany",NULL,"3","447.1999931335449","10.199999809265137","0"
10364,"EASTC","1996-11-26","1996-12-04","UK",NULL,"2","949.9999809265137","23","0"
10365,"ANTON","1996-11-27","1996-12-02","Mexico",NULL,"1","403.1999816894531","16.799999237060547","0"
10366,"GALED","1996-11-28","1996-12-30","Spain",NULL,"2","135.9999942779541","13.59999942779541","0"
10367,"VAFFE","1996-11-28","1996-12-02","Denmark",NULL,"4","834.1999807357788","11.074999690055847","0"
10368,"ERNSH","1996-11-29","1996-12-02","Austria",NULL,"4","1834.2000427246094","21.65000057220459","0.07500000111758709"
10369,"SPLIR","1996-12-02","1996-12-09","USA","WY","2","2527.199993133545","64.69999980926514","0.125"
10370,"CHOPS","1996-12-03","1996-12-27","Switzerland",NULL,"3","1174.000005722046","16.333333333333332","0.10000000397364299"
10371,"LAMAI","1996-12-03","1996-12-24","France",NULL,"1","91.19999885559082","15.199999809265137","0.20000000298023224"
10372,"QUEEN","1996-12-04","1996-12-09","Brazil","SP","4","12281.200180053711","82.6500015258789","0.25"
10373,"HUNGO","1996-12-05","1996-12-11","Ireland","Co. Cork","2","1708.0000686645508","13.90000057220459","0.20000000298023224"
10374,"WOLZA","1996-12-05","1996-12-09","Poland",NULL,"2","459.0000057220459","10.300000190734863","0"
10375,"HUNGC","1996-12-06","1996-12-09","USA","OR","2","338.0000066757202","12.250000238418579","0"
10376,"MEREP","1996-12-09","1996-12-13","Canada","Québec","1","420","10","0.05000000074505806"
10377,"SEVES","1996-12-09","1996-12-13","UK",NULL,"2","1016.0000228881836","25.40000057220459","0.15000000596046448"
10378,"FOLKO","1996-12-10","1996-12-19","Sweden",NULL,"1","103.20000457763672","17.200000762939453","0"
10379,"QUEDE","1996-12-11","1996-12-13","Brazil","RJ","3","959.1999588012695","19.866665840148926","0.10000000149011612"
10380,"HUNGO","1996-12-12","1997-01-16","Ireland","Co. Cork","4","1419.800033569336","21.52500057220459","0.07500000111758709"
10381,"LILAS","1996-12-12","1996-12-13","Venezuela","Lara","1","112","8","0"
10382,"ERNSH","1996-12-13","1996-12-16","Austria",NULL,"5","2900","35.2","0"
10383,"AROUT","1996-12-16","1996-12-18","UK",NULL,"3","898.9999961853027","16.06666660308838","0"
10384,"BERGS","1996-12-16","1996-12-20","Sweden",NULL,"2","2222.4000968933105","46.00000190734863","0"
10385,"SPLIR","1996-12-17","1996-12-23","USA","WY","3","864.0000152587891","20.400000254313152","0.20000000298023224"
10386,"FAMIA","1996-12-18","1996-12-25","Brazil","SP","2","165.9999966621399","7.3999998569488525","0"
10387,"SANTG","1996-12-18","1996-12-20","Norway",NULL,"4","1058.4000191688538","25.300000548362732","0"
10388,"SEVES","1996-12-19","1996-12-20","UK",NULL,"3","1274.000027179718","13.133333524068197","0.13333333532015482"
10389,"BOTTM","1996-12-20","1996-12-24","Canada","BC","4","1832.8000297546387","23.850000381469727","0"
10390,"ERNSH","1996-12-23","1996-12-26","Austria",NULL,"4","2275.1999835968018","15.449999809265137","0.07500000111758709"
10391,"DRACD","1996-12-23","1996-12-31","Germany",NULL,"1","86.40000343322754","4.800000190734863","0"
10392,"PICCO","1996-12-24","1997-01-01","Austria",NULL,"1","1439.9999618530273","28.799999237060547","0"
10393,"SAVEA","1996-12-25","1997-01-03","USA","ID","5","3302.599983215332","15.979999923706055","0.2"
10394,"HUNGC","1996-12-25","1997-01-03","USA","OR","2","442.0000171661377","22.100000858306885","0"
10395,"HILAA","1996-12-26","1997-01-03","Venezuela","Táchira","3","2333.2000579833984","21.53333346048991","0.06666666766007741"
10396,"FRANK","1996-12-27","1997-01-06","Germany",NULL,"3","1903.8000221252441","17.39999993642171","0"
10397,"PRINI","1996-12-27","1997-01-02","Portugal",NULL,"2","843.2000274658203","25.200000762939453","0.15000000596046448"
10398,"SAVEA","1996-12-30","1997-01-09","USA","ID","2","2736.0000801086426","16.800000190734863","0.05000000074505806"
10399,"VAFFE","1996-12-31","1997-01-08","Denmark",NULL,"4","1765.600004196167","13","0"
10400,"EASTC","1997-01-01","1997-01-16","UK",NULL,"3","3062.9999866485596","43.13333320617676","0"
10401,"RATTC","1997-01-01","1997-01-10","USA","NM","4","3868.6000175476074","21.27500009536743","0"
10402,"ERNSH","1997-01-02","1997-01-10","Austria",NULL,"2","2713.4998893737793","21.149999141693115","0"
10403,"ERNSH","1997-01-03","1997-01-09","Austria",NULL,"2","1005.8999786376953","12.049999713897705","0.15000000596046448"
10404,"MAGAA","1997-01-03","1997-01-08","Italy",NULL,"3","1674.9999809265137","17.366666475931805","0.05000000074505806"
10405,"LINOD","1997-01-06","1997-01-22","Venezuela","Nueva Esparta","1","400","8","0"
10406,"QUEEN","1997-01-07","1997-01-13","Brazil","SP","5","2018.2000589370728","17.74000015258789","0.0800000011920929"
10407,"OTTIK","1997-01-07","1997-01-30","Germany",NULL,"3","1193.9999771118164","20.933333079020183","0"
10408,"FOLIG","1997-01-08","1997-01-14","France",NULL,"3","1622.4000463485718","22.033333619435627","0"
10409,"OCEAN","1997-01-09","1997-01-14","Argentina",NULL,"2","319.2000045776367","13.300000190734863","0"
10410,"BOTTM","1997-01-10","1997-01-15","Canada","BC","2","802","23","0"
10411,"BOTTM","1997-01-10","1997-01-21","Canada","BC","3","1208.4999952316284","22.39999993642171","0.20000000298023224"
10412,"WARTH","1997-01-13","1997-01-15","Finland",NULL,"1","372.00000762939453","18.600000381469727","0.10000000149011612"
10413,"LAMAI","1997-01-14","1997-01-16","France",NULL,"3","2123.2000465393066","22.733333587646484","0"
10414,"FAMIA","1997-01-14","1997-01-17","Brazil","SP","2","231.40000343322754","4.650000095367432","0.02500000037252903"
10415,"HUNGC","1997-01-15","1997-01-24","USA","OR","2","102.4000015258789","16.600000381469727","0"
10416,"WARTH","1997-01-16","1997-01-27","Finland",NULL,"3","720.0000190734863","16.36666711171468","0"
10417,"SIMOB","1997-01-16","1997-01-28","Denmark",NULL,"4","11283.20013999939","60.20000076293945","0.125"
10418,"QUICK","1997-01-17","1997-01-24","Germany",NULL,"4","1814.7999711036682","13.399999737739563","0"
10419,"RICSU","1997-01-20","1997-01-30","Switzerland",NULL,"2","2208.000030517578","28","0.05000000074505806"
10420,"WELLI","1997-01-21","1997-01-27","Brazil","SP","4","1897.5999698638916","26.59999966621399","0.10000000149011612"
10421,"QUEDE","1997-01-21","1997-01-27","Brazil","RJ","4","1273.1999969482422","17.200000047683716","0.11250000447034836"
10422,"FRANS","1997-01-22","1997-01-31","Italy",NULL,"1","49.79999923706055","24.899999618530273","0"
10423,"GOURL","1997-01-23","1997-02-24","Brazil","SP","2","1020","27","0"
10424,"MEREP","1997-01-23","1997-01-27","Canada","Québec","3","11493.20012664795","78.40000089009602","0.20000000298023224"
10425,"LAMAI","1997-01-24","1997-02-14","France",NULL,"2","480","16.800000190734863","0.25"
10426,"GALED","1997-01-27","1997-02-06","Spain",NULL,"2","338.20000076293945","28.5","0"
10427,"PICCO","1997-01-27","1997-03-03","Austria",NULL,"1","651.0000133514404","18.600000381469727","0"
10428,"REGGC","1997-01-28","1997-02-04","Italy",NULL,"1","192.00000762939453","9.600000381469727","0"
10429,"HUNGO","1997-01-29","1997-02-07","Ireland","Co. Cork","2","1748.4999465942383","24.049999237060547","0.125"
10430,"ERNSH","1997-01-30","1997-02-03","Austria",NULL,"4","5796.000022888184","28.40000009536743","0.10000000149011612"
10431,"BOTTM","1997-01-30","1997-02-07","Canada","BC","3","2523.0000257492065","17.833333492279053","0.25"
10432,"SPLIR","1997-01-31","1997-02-07","USA","WY","2","485","15.399999856948853","0"
10433,"PRINI","1997-02-03","1997-03-04","Portugal",NULL,"1","851.1999893188477","30.399999618530273","0"
10434,"FOLKO","1997-02-03","1997-02-13","Sweden",NULL,"2","359.9999885559082","15.59999942779541","0.07500000298023224"
10435,"CONSH","1997-02-04","1997-02-07","UK",NULL,"3","631.5999813079834","19.933332761128742","0"
10436,"BLONP","1997-02-05","1997-02-11","France",NULL,"4","2210.7999935150146","18.200000047683716","0.07500000111758709"
10437,"WARTH","1997-02-05","1997-02-12","Finland",NULL,"1","393.0000114440918","26.200000762939453","0"
10438,"TOMSP","1997-02-06","1997-02-14","Germany",NULL,"3","567.5000047683716","11.366666793823242","0.20000000298023224"
10439,"MEREP","1997-02-07","1997-02-10","Canada","Québec","4","1077.9999904632568","19.72499990463257","0"
10440,"SAVEA","1997-02-10","1997-02-28","USA","ID","4","5793.099904060364","37.72499966621399","0.15000000596046448"
10441,"OLDWO","1997-02-10","1997-03-14","USA","AK","1","1754.9999237060547","35.099998474121094","0"
10442,"ERNSH","1997-02-11","1997-02-18","Austria",NULL,"3","1792.0000076293945","12.099999904632568","0"
10443,"REGGC","1997-02-12","1997-02-14","Italy",NULL,"2","537.6000137329102","26.600000381469727","0.10000000149011612"
10444,"BERGS","1997-02-12","1997-02-21","Sweden",NULL,"4","1031.699993133545","19.549999952316284","0"
10445,"BERGS","1997-02-13","1997-02-20","Sweden",NULL,"2","174.89999914169312","10.149999856948853","0"
10446,"TOMSP","1997-02-14","1997-02-19","Germany",NULL,"4","273.59999895095825","6.625","0.10000000149011612"
10447,"RICAR","1997-02-14","1997-03-07","Brazil","RJ","3","914.3999824523926","13.766666730244955","0"
10448,"RANCH","1997-02-17","1997-02-24","Argentina",NULL,"2","443.3999938964844","19.799999713897705","0"
10449,"BLONP","1997-02-18","1997-02-27","France",NULL,"3","1838.2000408172607","23.266666889190674","0"
10450,"VICTE","1997-02-19","1997-03-11","France",NULL,"2","531.3999853134155","15.34999966621399","0.20000000298023224"
10451,"QUICK","1997-02-19","1997-03-12","Germany",NULL,"4","4277.400062561035","18.25","0.10000000149011612"
10452,"SAVEA","1997-02-20","1997-02-26","USA","ID","2","2096.0000228881836","25.950000762939453","0.02500000037252903"
10453,"AROUT","1997-02-21","1997-02-26","UK",NULL,"2","452.99999713897705","11.099999904632568","0.10000000149011612"
10454,"LAMAI","1997-02-21","1997-02-25","France",NULL,"3","413.99999618530273","8.5","0.20000000298023224"
10455,"WARTH","1997-02-24","1997-03-03","Finland",NULL,"4","2684.0000343322754","20.15000009536743","0"
10456,"KOENE","1997-02-25","1997-02-28","Germany",NULL,"2","656","12","0.15000000596046448"
10457,"KOENE","1997-02-25","1997-03-03","Germany",NULL,"1","1584","44","0"
10458,"SUPRD","1997-02-26","1997-03-04","Belgium",NULL,"5","3891.000051498413","29.14000015258789","0"
10459,"VICTE","1997-02-27","1997-02-28","France",NULL,"3","1687.9999771118164","20.46666653951009","0.033333333830038704"
10460,"FOLKO","1997-02-28","1997-03-03","Sweden",NULL,"2","234.79999923706055","8.099999904632568","0.25"
10461,"LILAS","1997-02-28","1997-03-05","Venezuela","Lara","3","2051.600067138672","15.966667175292969","0.25"
10462,"CONSH","1997-03-03","1997-03-18","UK",NULL,"2","155.99999618530273","6","0"
10463,"SUPRD","1997-03-04","1997-03-06","Belgium",NULL,"2","713.299994468689","9.25","0"
10464,"FURIB","1997-03-04","1997-03-14","Portugal",NULL,"4","1848.0000076293945","28","0.10000000149011612"
10465,"VAFFE","1997-03-05","1997-03-14","Denmark",NULL,"5","2718.999990940094","27.579999923706055","0.04000000059604645"
10466,"COMMI","1997-03-06","1997-03-13","Brazil","SP","2","215.9999942779541","13.199999809265137","0"
10467,"MAGAA","1997-03-06","1997-03-11","Italy",NULL,"2","235.19999504089355","7.3999998569488525","0"
10468,"KOENE","1997-03-07","1997-03-12","Germany",NULL,"2","717.5999946594238","28.75","0"
10469,"WHITC","1997-03-10","1997-03-14","USA","WA","3","1125.499979019165","14.866666475931803","0.15000000596046448"
10470,"BONAP","1997-03-11","1997-03-14","France",NULL,"3","1820.8000001907349","27.93333339691162","0"
10471,"BSBEV","1997-03-11","1997-03-18","UK",NULL,"2","1327.9999923706055","27.199999809265137","0"
10472,"SEVES","1997-03-12","1997-03-19","UK",NULL,"2","1051.2000198364258","23.000000715255737","0.02500000037252903"
10473,"ISLAT","1997-03-13","1997-03-21","UK","Isle of Wight","2","230.40000915527344","9.600000381469727","0"
10474,"PERIC","1997-03-13","1997-03-21","Mexico",NULL,"4","1249.1000261306763","18.975000381469727","0"
10475,"SUPRD","1997-03-14","1997-04-04","Belgium",NULL,"3","1770.800006866455","12.666666666666666","0.15000000596046448"
10476,"HILAA","1997-03-17","1997-03-24","Venezuela","Táchira","2","182.4000015258789","15.600000381469727","0.02500000037252903"
10477,"PRINI","1997-03-17","1997-03-25","Portugal",NULL,"3","671.9999866485596","12.266666412353516","0.16666666666666666"
10478,"VICTE","1997-03-18","1997-03-26","France",NULL,"1","495.99998474121094","24.799999237060547","0.05000000074505806"
10479,"RATTC","1997-03-19","1997-03-21","USA","NM","4","10495.60012435913","76.90000104904175","0"
10480,"FOLIG","1997-03-20","1997-03-24","France",NULL,"2","755.999997138977","25.799999952316284","0"
10481,"RICAR","1997-03-20","1997-03-25","Brazil","RJ","2","1472.0000305175781","21.600000381469727","0"
10482,"LAZYK","1997-03-21","1997-04-10","USA","WA","1","146.99999809265137","14.699999809265137","0"
10483,"WHITC","1997-03-24","1997-04-25","USA","WA","2","703.999981880188","10.799999713897705","0.05000000074505806"
10484,"BSBEV","1997-03-24","1997-04-01","UK",NULL,"3","386.2000026702881","21.700000445048016","0"
10485,"LINOD","1997-03-25","1997-03-31","Venezuela","Nueva Esparta","4","1760.0000190734863","13.600000143051147","0.10000000149011612"
10486,"HILAA","1997-03-26","1997-04-02","Venezuela","Táchira","3","1272.0000343322754","22.400000254313152","0"
10487,"QUEEN","1997-03-26","1997-03-28","Brazil","SP","3","925.0999917984009","12.699999968210856","0.08333333333333333"
10488,"FRANK","1997-03-27","1997-04-02","Germany",NULL,"2","1560","28","0.10000000149011612"
10489,"PICCO","1997-03-28","1997-04-09","Austria",NULL,"2","502.1999816894531","15.34999942779541","0.125"
10490,"HILAA","1997-03-31","1997-04-03","Venezuela","Táchira","3","3163.199993133545","20.06666660308838","0"
10491,"FURIB","1997-03-31","1997-04-08","Portugal",NULL,"2","305.2999973297119","12.949999809265137","0.15000000596046448"
10492,"BOTTM","1997-04-01","1997-04-11","Canada","BC","2","895.9999847412109","11.199999809265137","0.05000000074505806"
10493,"LAMAI","1997-04-02","1997-04-10","France",NULL,"3","675.9999847412109","19.733332951863606","0.10000000149011612"
10494,"COMMI","1997-04-02","1997-04-09","Brazil","SP","1","911.9999885559082","30.399999618530273","0"
10495,"LAUGB","1997-04-03","1997-04-11","Canada","BC","3","277.99999237060547","8.433333079020182","0"
10496,"TRADH","1997-04-04","1997-04-07","Brazil","SP","1","200","10","0.05000000074505806"
10497,"LEHMS","1997-04-04","1997-04-07","Germany",NULL,"3","1380.5999660491943","22.866666158040363","0"
10498,"HILAA","1997-04-07","1997-04-11","Venezuela","Táchira","3","574.9999980926514","12.299999872843424","0"
10499,"LILAS","1997-04-08","1997-04-16","Venezuela","Lara","2","1411.9999694824219","32.79999923706055","0"
10500,"LAMAI","1997-04-09","1997-04-17","France",NULL,"2","550.7999877929688","30.549999237060547","0.05000000074505806"
10501,"BLAUS","1997-04-09","1997-04-16","Germany",NULL,"1","148.99999618530273","7.449999809265137","0"
10502,"PERIC","1997-04-10","1997-04-29","Mexico",NULL,"3","816.2999954223633","18.766666412353516","0"
10503,"HUNGO","1997-04-11","1997-04-16","Ireland","Co. Cork","2","2048.499984741211","22.149999618530273","0"
10504,"WHITC","1997-04-11","1997-04-18","USA","WA","4","1388.4999923706055","22.574999809265137","0"
10505,"MEREP","1997-04-14","1997-04-21","Canada","Québec","1","147.89999771118164","49.29999923706055","0"
10506,"KOENE","1997-04-15","1997-05-02","Germany",NULL,"2","462","14.5","0.10000000149011612"
10507,"ANTON","1997-04-15","1997-04-22","Mexico",NULL,"2","881.25","29.375","0.15000000596046448"
10508,"OTTIK","1997-04-16","1997-05-13","Germany",NULL,"2","240","12","0"
10509,"BLAUS","1997-04-17","1997-04-29","Germany",NULL,"1","136.79999542236328","45.599998474121094","0"
10510,"SAVEA","1997-04-18","1997-04-28","USA","ID","2","4735.440032958984","65.77000045776367","0.05000000074505806"
10511,"BONAP","1997-04-18","1997-04-21","France",NULL,"3","3000","30.666666666666668","0.15000000596046448"
10512,"FAMIA","1997-04-21","1997-04-24","Brazil","SP","4","618","15","0.15000000596046448"
10513,"WANDK","1997-04-22","1997-04-28","Germany",NULL,"3","2427.5","23.5","0.20000000298023224"
10514,"ERNSH","1997-04-22","1997-05-16","Austria",NULL,"5","8623.4499168396","38.67999954223633","0"
10515,"QUICK","1997-04-23","1997-05-23","Germany",NULL,"5","10588.500221252441","38.970000457763675","0.09000000357627869"
10516,"HUNGO","1997-04-24","1997-05-01","Ireland","Co. Cork","3","2614.499969482422","28.71666653951009","0.06666666766007741"
10517,"NORTS","1997-04-24","1997-04-29","UK",NULL,"3","352","25.666666666666668","0"
10518,"TORTU","1997-04-25","1997-05-05","Mexico",NULL,"3","4150.050006866455","95.81666692097981","0"
10519,"CHOPS","1997-04-28","1997-05-01","Switzerland",NULL,"3","2356","34.333333333333336","0.033333333830038704"
10520,"SANTG","1997-04-29","1997-05-01","Norway",NULL,"2","199.99999618530273","18.649999618530273","0"
10521,"CACTU","1997-04-29","1997-05-02","Argentina",NULL,"3","225.49999618530273","13.383333206176758","0"
10522,"LEHMS","1997-04-30","1997-05-06","Germany",NULL,"4","2657.7999782562256","25.572499752044678","0.15000000223517418"
10523,"SEVES","1997-05-01","1997-05-30","UK",NULL,"4","2715.8999977111816","38.91249990463257","0.10000000149011612"
10524,"BERGS","1997-05-01","1997-05-07","Sweden",NULL,"4","3192.6499910354614","27.584999799728394","0"
10525,"BONAP","1997-05-02","1997-05-23","France",NULL,"2","845.9999942779541","18.699999809265137","0.05000000074505806"
10526,"WARTH","1997-05-05","1997-05-15","Finland",NULL,"3","1344","20.666666666666668","0.10000000397364299"
10527,"QUICK","1997-05-05","1997-05-07","Germany",NULL,"2","1670","20.5","0.10000000149011612"
10528,"GREAL","1997-05-06","1997-05-09","USA","OR","3","396.1999931335449","19.433333079020183","0.06666666766007741"
10529,"MAISD","1997-05-07","1997-05-09","Belgium",NULL,"3","946","24.166666666666668","0"
10530,"PICCO","1997-05-08","1997-05-12","Austria",NULL,"4","4180","32.875","0"
10531,"OCEAN","1997-05-08","1997-05-19","Argentina",NULL,"1","110","55","0"
10532,"EASTC","1997-05-09","1997-05-12","UK",NULL,"2","796.3499908447266","21.44499969482422","0"
10533,"FOLKO","1997-05-12","1997-05-22","Sweden",NULL,"3","2295.199981689453","23.933333079020183","0.033333333830038704"
10534,"LEHMS","1997-05-12","1997-05-14","Germany",NULL,"3","517.3999881744385","17.24666627248128","0.13333333532015482"
10535,"ANTON","1997-05-13","1997-05-21","Mexico",NULL,"4","2156.4999961853027","28.47499990463257","0.10000000149011612"
10536,"LEHMS","1997-05-14","1997-06-06","Germany",NULL,"4","2085","21.75","0.125"
10537,"RICSU","1997-05-14","1997-05-19","Switzerland",NULL,"5","1823.7999839782715","25.70999984741211","0"
10538,"BSBEV","1997-05-15","1997-05-16","UK",NULL,"2","139.79999923706055","24.899999618530273","0"
10539,"BSBEV","1997-05-16","1997-05-23","UK",NULL,"4","355.5","9.625","0"
10540,"QUICK","1997-05-19","1997-06-13","Germany",NULL,"4","10191.699981689453","79.30749988555908","0"
10541,"HANAR","1997-05-19","1997-05-29","Brazil","RJ","4","2162.7999725341797","77.63749980926514","0.10000000149011612"
10542,"KOENE","1997-05-20","1997-05-26","Germany",NULL,"2","493.7999954223633","14.224999904632568","0.05000000074505806"
10543,"LILAS","1997-05-21","1997-05-23","Venezuela","Lara","2","1770","23.5","0.15000000596046448"
10544,"LONEP","1997-05-21","1997-05-30","USA","OR","2","417.19998931884766","29.799999237060547","0"
10545,"LAZYK","1997-05-22","1997-06-26","USA","WA","1","210","21","0"
10546,"VICTE","1997-05-23","1997-05-27","France",NULL,"3","2811.999969482422","32.43333307902018","0"
10547,"SEVES","1997-05-23","1997-06-02","UK",NULL,"2","1908","25.5","0.07500000298023224"
10548,"TOMSP","1997-05-26","1997-06-02","Germany",NULL,"2","275.0999946594238","11.824999809265137","0.125"
10549,"QUICK","1997-05-27","1997-05-30","Germany",NULL,"3","4181.5","25","0.15000000596046448"
10550,"GODOS","1997-05-28","1997-06-06","Spain",NULL,"4","748.9999980926514","21.674999952316284","0.07500000111758709"
10551,"FURIB","1997-05-28","1997-06-06","Portugal",NULL,"3","1836.0000610351562","18.3000005086263","0.10000000397364299"
10552,"HILAA","1997-05-29","1997-06-05","Venezuela","Táchira","2","880.5","21.875","0"
10553,"WARTH","1997-05-30","1997-06-03","Finland",NULL,"5","1546.3000106811523","17.99000015258789","0"
10554,"OTTIK","1997-05-30","1997-06-05","Germany",NULL,"4","1819.5000076293945","22.1875","0.05000000074505806"
10555,"SAVEA","1997-06-02","1997-06-04","USA","ID","5","3680.49999332428","25.589999961853028","0.20000000298023224"
10556,"SIMOB","1997-06-03","1997-06-13","Denmark",NULL,"1","835.1999816894531","34.79999923706055","0"
10557,"LEHMS","1997-06-03","1997-06-06","Germany",NULL,"2","1152.5","20.5","0"
10558,"AROUT","1997-06-04","1997-06-10","UK",NULL,"5","2142.89998626709","23.45999984741211","0"
10559,"BLONP","1997-06-05","1997-06-13","France",NULL,"2","547.7999954223633","16.824999809265137","0.05000000074505806"
10560,"FRANK","1997-06-06","1997-06-09","Germany",NULL,"2","1257.299976348877","37.59499931335449","0.125"
10561,"FOLKO","1997-06-06","1997-06-09","Sweden",NULL,"2","2844.5000076293945","36.22500038146973","0"
10562,"REGGC","1997-06-09","1997-06-12","Italy",NULL,"2","542.9999923706055","25.899999618530273","0.10000000149011612"
10563,"RICAR","1997-06-10","1997-06-24","Brazil","RJ","2","965","13","0"
10564,"RATTC","1997-06-10","1997-06-16","USA","NM","3","1299","25.166666666666668","0.05000000074505806"
10565,"MEREP","1997-06-11","1997-06-18","Canada","Québec","2","711","18.875","0.10000000149011612"
10566,"BLONP","1997-06-12","1997-06-18","France",NULL,"3","2040","33.833333333333336","0.10000000397364299"
10567,"HUNGO","1997-06-12","1997-06-17","Ireland","Co. Cork","3","3109","40.166666666666664","0.13333333532015482"
10568,"GALED","1997-06-13","1997-07-09","Spain",NULL,"1","155","31","0"
10569,"RATTC","1997-06-16","1997-07-11","USA","NM","2","977.5","15.25","0.10000000149011612"
10570,"MEREP","1997-06-17","1997-06-19","Canada","Québec","2","2595","29.5","0.05000000074505806"
10571,"ERNSH","1997-06-17","1997-07-04","Austria",NULL,"2","647.75","18.625","0.15000000596046448"
10572,"BERGS","1997-06-18","1997-06-25","Sweden",NULL,"4","1565.649990081787","18.90000009536743","0.07500000111758709"
10573,"ANTON","1997-06-19","1997-06-20","Mexico",NULL,"3","2081.9999809265137","28.599999745686848","0"
10574,"TRAIH","1997-06-19","1997-06-30","USA","WA","4","764.299991607666","25.862499713897705","0"
10575,"MORGK","1997-06-20","1997-06-30","Germany",NULL,"4","2147.39998626709","37.92500019073486","0"
10576,"TORTU","1997-06-23","1997-06-30","Mexico",NULL,"3","838.4500160217285","16.650000254313152","0"
10577,"TRAIH","1997-06-23","1997-06-30","USA","WA","3","569","12.916666666666666","0"
10578,"BSBEV","1997-06-24","1997-07-25","UK",NULL,"2","477","18.75","0"
10579,"LETSS","1997-06-25","1997-07-04","USA","CA","2","317.75","11.625","0"
10580,"OTTIK","1997-06-26","1997-07-01","Germany",NULL,"3","1067.0999736785889","17.983332951863606","0.05000000074505806"
10581,"FAMIA","1997-06-26","1997-07-02","Brazil","SP","1","387.5","7.75","0.20000000298023224"
10582,"BLAUS","1997-06-27","1997-07-14","Germany",NULL,"2","330","18.75","0"
10583,"WARTH","1997-06-30","1997-07-04","Finland",NULL,"3","2413.9000091552734","64.59666697184245","0.10000000397364299"
10584,"BLONP","1997-06-30","1997-07-04","France",NULL,"1","625","12.5","0.05000000074505806"
10585,"WELLI","1997-07-01","1997-07-10","Brazil","SP","1","142.5","9.5","0"
10586,"REGGC","1997-07-02","1997-07-09","Italy",NULL,"1","28","7","0.15000000596046448"
10587,"QUEDE","1997-07-02","1997-07-09","Brazil","RJ","3","807.379997253418","20.74333318074544","0"
10588,"QUICK","1997-07-03","1997-07-10","Germany",NULL,"2","3900","38.25","0.20000000298023224"
10589,"GREAL","1997-07-04","1997-07-14","USA","OR","1","72","18","0"
10590,"MEREP","1997-07-07","1997-07-14","Canada","Québec","2","1140","15.5","0.02500000037252903"
10591,"VAFFE","1997-07-07","1997-07-16","Denmark",NULL,"3","812.4999904632568","15.816666603088379","0"
10592,"LEHMS","1997-07-08","1997-07-16","Germany",NULL,"2","543.6499977111816","23.364999771118164","0.05000000074505806"
10593,"LEHMS","1997-07-09","1997-08-13","Germany",NULL,"3","2493","45","0.20000000298023224"
10594,"OLDWO","1997-07-09","1997-07-16","USA","AK","2","565.5","10.125","0"
10595,"ERNSH","1997-07-10","1997-07-14","Austria",NULL,"3","6300","27.5","0.25"
10596,"WHITC","1997-07-11","1997-08-12","USA","WA","3","1476.1000366210938","29.883333841959637","0.20000000298023224"
10597,"PICCO","1997-07-11","1997-07-18","Austria",NULL,"3","800.0999908447266","15.016666412353516","0.13333333532015482"
10598,"RATTC","1997-07-14","1997-07-18","USA","NM","2","2388.5000762939453","32.70000076293945","0"
10599,"BSBEV","1997-07-15","1997-07-21","UK",NULL,"1","492.99999237060547","49.29999923706055","0"
10600,"HUNGC","1997-07-16","1997-07-21","USA","OR","2","479.79999923706055","11.224999904632568","0"
10601,"HILAA","1997-07-16","1997-07-22","Venezuela","Táchira","2","2285","30.5","0"
10602,"VAFFE","1997-07-17","1997-07-22","Denmark",NULL,"1","65","13","0.25"
10603,"SAVEA","1997-07-18","1997-08-08","USA","ID","2","1508","20.5","0.02500000037252903"
10604,"FURIB","1997-07-18","1997-07-29","Portugal",NULL,"2","256.5","15.375","0.10000000149011612"
10605,"MEREP","1997-07-21","1997-07-29","Canada","Québec","4","4326.000022888184","31.987500190734863","0.05000000074505806"
10606,"TRADH","1997-07-22","1997-07-31","Brazil","SP","3","1412.9999923706055","31.766666412353516","0.20000000298023224"
10607,"SAVEA","1997-07-22","1997-07-25","USA","ID","5","6475.399974822998","24.939999771118163","0"
10608,"TOMSP","1997-07-23","1997-08-01","Germany",NULL,"1","1064","38","0"
10609,"DUMON","1997-07-24","1997-07-30","France",NULL,"3","424","19.666666666666668","0"
10610,"LAMAI","1997-07-25","1997-08-06","France",NULL,"1","399","19","0.25"
10611,"WOLZA","1997-07-25","1997-08-01","Poland",NULL,"3","808","23.666666666666668","0"
10612,"SAVEA","1997-07-28","1997-08-01","USA","ID","5","6375","24.4","0"
10613,"HILAA","1997-07-29","1997-08-01","Venezuela","Táchira","2","358","6.875","0.05000000074505806"
10614,"BLAUS","1997-07-29","1997-08-01","Germany",NULL,"3","464","16.333333333333332","0"
10615,"WILMK","1997-07-30","1997-08-06","Finland",NULL,"1","120","24","0"
10616,"GREAL","1997-07-31","1997-08-05","USA","OR","4","5032","84.5","0.037500000558793545"
10617,"GREAL","1997-07-31","1997-08-04","USA","OR","1","1650","55","0.15000000596046448"
10618,"MEREP","1997-08-01","1997-08-08","Canada","Québec","3","2697.5","25.166666666666668","0"
10619,"MEREP","1997-08-04","1997-08-07","Canada","Québec","2","1260","15.5","0"
10620,"LAUGB","1997-08-05","1997-08-14","Canada","BC","2","57.5","5.75","0"
10621,"ISLAT","1997-08-05","1997-08-11","UK","Isle of Wight","4","758.4999990463257","13.674999952316284","0"
10622,"RICAR","1997-08-06","1997-08-11","Brazil","RJ","2","605","15.75","0.10000000149011612"
10623,"FRANK","1997-08-07","1997-08-12","Germany",NULL,"5","1429.749997138977","12.989999961853027","0.06000000089406967"
10624,"THECR","1997-08-07","1997-08-19","USA","MT","3","1393.2399978637695","62.9466667175293","0"
10625,"ANATR","1997-08-08","1997-08-14","Mexico",NULL,"3","479.75","23.75","0"
10626,"BERGS","1997-08-11","1997-08-20","Sweden",NULL,"3","1503.5999908447266","29.433333079020183","0"
10627,"SAVEA","1997-08-11","1997-08-21","USA","ID","2","1264.4999885559082","32.14999961853027","0.07500000298023224"
10628,"BLONP","1997-08-12","1997-08-20","France",NULL,"1","450","18","0"
10629,"GODOS","1997-08-12","1997-08-20","Spain",NULL,"2","2775.050018310547","78.52000045776367","0"
10630,"KOENE","1997-08-13","1997-08-19","Germany",NULL,"2","918","21","0.02500000037252903"
10631,"LAMAI","1997-08-14","1997-08-15","France",NULL,"1","62","7.75","0.10000000149011612"
10632,"WANDK","1997-08-14","1997-08-19","Germany",NULL,"2","620","10.75","0.05000000074505806"
10633,"ERNSH","1997-08-15","1997-08-18","Austria",NULL,"4","6483.049922943115","31.13249969482422","0.15000000596046448"
10634,"FOLIG","1997-08-15","1997-08-21","France",NULL,"4","4985.5","38.3125","0"
10635,"MAGAA","1997-08-18","1997-08-21","Italy",NULL,"3","1380.250005722046","21.450000127156574","0.06666666766007741"
10636,"WARTH","1997-08-19","1997-08-26","Finland",NULL,"2","629.5","17.625","0"
10637,"QUEEN","1997-08-19","1997-08-26","Brazil","SP","3","2896.25","25.083333333333332","0.033333333830038704"
10638,"LINOD","1997-08-20","1997-09-01","Venezuela","Nueva Esparta","3","2720.0499382019043","21.78333282470703","0"
10639,"SANTG","1997-08-20","1997-08-27","Norway",NULL,"1","500","62.5","0"
10640,"WANDK","1997-08-21","1997-08-28","Germany",NULL,"2","945","25.5","0.25"
10641,"HILAA","1997-08-22","1997-08-26","Venezuela","Táchira","2","2053.9999771118164","18.699999809265137","0"
10642,"SIMOB","1997-08-22","1997-09-05","Denmark",NULL,"2","870","19.25","0.20000000298023224"
10643,"ALFKI","1997-08-25","1997-09-02","Germany",NULL,"3","1085.9999771118164","25.1999994913737","0.25"
10644,"WELLI","1997-08-25","1997-09-01","Brazil","SP","3","1422","40.166666666666664","0.06666666766007741"
10645,"HANAR","1997-08-26","1997-09-02","Brazil","RJ","2","1535","40.75","0"
10646,"HUNGO","1997-08-27","1997-09-03","Ireland","Co. Cork","4","1928","20.875","0.25"
10647,"QUEDE","1997-08-27","1997-09-03","Brazil","RJ","2","635.9999942779541","13.599999904632568","0"
10648,"RICAR","1997-08-28","1997-09-09","Brazil","RJ","2","382.5","12.75","0.07500000298023224"
10649,"MAISD","1997-08-28","1997-08-29","Belgium",NULL,"2","1433.99995803833","40.19999885559082","0"
10650,"FAMIA","1997-08-29","1997-09-03","Brazil","SP","3","1820.199956893921","22.046666145324707","0.016666666915019352"
10651,"WANDK","1997-09-01","1997-09-11","Germany",NULL,"2","530.3999977111816","15.099999904632568","0.25"
10652,"GOURL","1997-09-01","1997-09-08","Brazil","SP","2","331.7799987792969","19.94499969482422","0.125"
10653,"FRANK","1997-09-02","1997-09-19","Germany",NULL,"2","1203.5000228881836","25.725000381469727","0.10000000149011612"
10654,"BERGS","1997-09-02","1997-09-11","Sweden",NULL,"3","668.6999988555908","15.816666603088379","0.10000000149011612"
10655,"REGGC","1997-09-03","1997-09-11","Italy",NULL,"1","192.99999237060547","9.649999618530273","0.20000000298023224"
10656,"GREAL","1997-09-04","1997-09-10","USA","OR","3","671.3500213623047","17.400000254313152","0.10000000149011612"
10657,"SAVEA","1997-09-04","1997-09-15","USA","ID","6","4371.599990844727","19.77499993642171","0"
10658,"QUICK","1997-09-05","1997-09-08","Germany",NULL,"4","4667.999973297119","18.84999990463257","0.037500000558793545"
10659,"QUEEN","1997-09-05","1997-09-10","Brazil","SP","3","1291.5999908447266","15.299999872843424","0.05000000074505806"
10660,"HUNGC","1997-09-08","1997-10-15","USA","OR","1","1701","81","0"
10661,"HUNGO","1997-09-09","1997-09-15","Ireland","Co. Cork","2","703.25","15.625","0.20000000298023224"
10662,"LONEP","1997-09-09","1997-09-18","USA","OR","1","125","12.5","0"
10663,"BONAP","1997-09-10","1997-10-03","France",NULL,"3","2031.9999885559082","28.46666653951009","0.05000000074505806"
10664,"FURIB","1997-09-10","1997-09-19","Portugal",NULL,"3","1515.7499885559082","30.016666412353516","0.15000000596046448"
10665,"LONEP","1997-09-11","1997-09-17","USA","OR","3","1295","42","0"
10666,"RICSU","1997-09-12","1997-09-22","Switzerland",NULL,"2","4666.94002532959","72.42000007629395","0"
10667,"ERNSH","1997-09-12","1997-09-19","Austria",NULL,"2","1921","28.75","0.20000000298023224"
10668,"WANDK","1997-09-15","1997-09-23","Germany",NULL,"3","694.75","23.25","0.10000000149011612"
10669,"SIMOB","1997-09-15","1997-09-22","Denmark",NULL,"1","570","19","0"
10670,"FRANK","1997-09-16","1997-09-18","Germany",NULL,"5","2301.75","11.55","0"
10671,"FRANR","1997-09-17","1997-09-24","France",NULL,"3","920.0999908447266","29.266666412353516","0"
10672,"BERGS","1997-09-17","1997-09-26","Sweden",NULL,"2","4210.5","142.5","0.05000000074505806"
10673,"WILMK","1997-09-18","1997-09-19","Finland",NULL,"3","412.35000228881836","25.816666920979817","0"
10674,"ISLAT","1997-09-18","1997-09-30","UK","Isle of Wight","1","45","9","0"
10675,"FRANK","1997-09-19","1997-09-23","Germany",NULL,"3","1422.9999923706055","23.099999745686848","0"
10676,"TORTU","1997-09-22","1997-09-29","Mexico",NULL,"3","534.8500146865845","19.883333524068195","0"
10677,"ANTON","1997-09-22","1997-09-26","Mexico",NULL,"2","956.8999862670898","16.864999771118164","0.15000000596046448"
10678,"SAVEA","1997-09-23","1997-10-16","USA","ID","4","5256.499948501587","14.399999856948853","0"
10679,"BLONP","1997-09-23","1997-09-30","France",NULL,"1","660","55","0"
10680,"OLDWO","1997-09-24","1997-09-26","USA","AK","3","1682.5000381469727","14.65000025431315","0.25"
10681,"GREAL","1997-09-25","1997-09-30","USA","OR","3","1326.999994277954","17.483333269755047","0.06666666766007741"
10682,"ANTON","1997-09-25","1997-10-01","Mexico",NULL,"3","375.5","9.083333333333334","0"
10683,"DUMON","1997-09-26","1997-10-01","France",NULL,"1","63","7","0"
10684,"OTTIK","1997-09-26","1997-09-30","Germany",NULL,"3","1767.9999923706055","20.633333206176758","0"
10685,"GOURL","1997-09-29","1997-10-03","Brazil","SP","3","801.0999984741211","16.71666653951009","0"
10686,"PICCO","1997-09-30","1997-10-08","Austria",NULL,"2","1638.449993133545","35.114999771118164","0.10000000149011612"
10687,"HUNGO","1997-09-30","1997-10-30","Ireland","Co. Cork","3","6201.900009155273","79.93000030517578","0.16666666666666666"
10688,"VAFFE","1997-10-01","1997-10-07","Denmark",NULL,"3","3489.9999084472656","30.1999994913737","0.06666666766007741"
10689,"BERGS","1997-10-01","1997-10-07","Sweden",NULL,"1","630","18","0.25"
10690,"HANAR","1997-10-02","1997-10-03","Brazil","RJ","2","1150","25.5","0.25"
10691,"QUICK","1997-10-03","1997-10-22","Germany",NULL,"5","10164.800018310547","51.30800018310547","0"
10692,"ALFKI","1997-10-03","1997-10-13","Germany",NULL,"1","878.0000305175781","43.900001525878906","0"
10693,"WHITC","1997-10-06","1997-10-10","USA","WA","4","2333.999988555908","38.862499952316284","0.11250000447034836"
10694,"QUICK","1997-10-06","1997-10-09","Germany",NULL,"3","4825","33.333333333333336","0"
10695,"WILMK","1997-10-07","1997-10-14","Finland",NULL,"3","642","27.5","0"
10696,"WHITC","1997-10-08","1997-10-14","USA","WA","2","996","25.5","0"
10697,"LINOD","1997-10-08","1997-10-14","Venezuela","Nueva Esparta","4","1073.899998664856","13.862499952316284","0.25"
10698,"ERNSH","1997-10-09","1997-10-17","Austria",NULL,"5","3600.7299613952637","43.96800003051758","0.04000000059604645"
10699,"MORGK","1997-10-09","1997-10-13","Germany",NULL,"1","114","9.5","0"
10700,"SAVEA","1997-10-10","1997-10-16","USA","ID","4","2048","16.5","0.20000000298023224"
10701,"HUNGO","1997-10-13","1997-10-15","Ireland","Co. Cork","3","3370","31.5","0.15000000596046448"
10702,"ALFKI","1997-10-13","1997-10-21","Germany",NULL,"2","330","14","0"
10703,"FOLKO","1997-10-14","1997-10-20","Sweden",NULL,"3","2545","29.666666666666668","0"
10704,"QUEEN","1997-10-14","1997-11-07","Brazil","SP","3","595.5","13.083333333333334","0"
10705,"HILAA","1997-10-15","1997-11-18","Venezuela","Táchira","2","378","22.25","0"
10706,"OLDWO","1997-10-16","1997-10-21","USA","AK","3","1893.000015258789","39.483333587646484","0"
10707,"AROUT","1997-10-16","1997-10-23","UK",NULL,"3","1704","19.5","0.050000001986821495"
10708,"THEBI","1997-10-17","1997-11-05","USA","OR","2","180.4000015258789","20.175000190734863","0"
10709,"GOURL","1997-10-17","1997-11-20","Brazil","SP","3","3424","42.333333333333336","0"
10710,"FRANS","1997-10-20","1997-10-23","Italy",NULL,"2","93.49999904632568","9.349999904632568","0"
10711,"SAVEA","1997-10-21","1997-10-29","USA","ID","3","4451.699890136719","17.216666221618652","0"
10712,"HUNGO","1997-10-21","1997-10-31","Ireland","Co. Cork","2","1238.3999977111816","35.39999961853027","0.02500000037252903"
10713,"SAVEA","1997-10-22","1997-10-24","USA","ID","4","2827.89998626709","20.932499885559082","0"
10714,"SAVEA","1997-10-22","1997-10-27","USA","ID","5","2941","23.75","0.25"
10715,"BONAP","1997-10-23","1997-10-29","France",NULL,"2","1296","26.25","0"
10716,"RANCH","1997-10-24","1997-10-27","Argentina",NULL,"3","706","30.5","0"
10717,"FRANK","1997-10-24","1997-10-29","Germany",NULL,"3","1331.749997138977","17.81666660308838","0.033333333830038704"
10718,"KOENE","1997-10-27","1997-10-29","Germany",NULL,"4","3463","30.9375","0"
10719,"LETSS","1997-10-27","1997-11-05","USA","CA","3","1125.6699905395508","31.94666639963786","0.25"
10720,"QUEDE","1997-10-28","1997-11-05","Brazil","RJ","2","550","19.75","0"
10721,"QUICK","1997-10-29","1997-10-31","Germany",NULL,"1","972.5000381469727","19.450000762939453","0.05000000074505806"
10722,"SAVEA","1997-10-29","1997-11-04","USA","ID","4","1570","12.9375","0"
10723,"WHITC","1997-10-30","1997-11-25","USA","WA","1","468.4499931335449","31.229999542236328","0"
10724,"MEREP","1997-10-30","1997-11-05","Canada","Québec","2","638.5","29.75","0"
10725,"FAMIA","1997-10-31","1997-11-05","Brazil","SP","3","287.7999954223633","13.549999872843424","0"
10726,"EASTC","1997-11-03","1997-12-05","UK",NULL,"2","655","21.5","0"
10727,"REGGC","1997-11-03","1997-12-05","Italy",NULL,"3","1710","44","0.05000000074505806"
10728,"QUEEN","1997-11-04","1997-11-11","Brazil","SP","4","1296.7499885559082","25.572499752044678","0"
10729,"LINOD","1997-11-04","1997-11-14","Venezuela","Nueva Esparta","3","1850","14.75","0"
10730,"BONAP","1997-11-05","1997-11-14","France",NULL,"3","509.75000381469727","17","0.05000000074505806"
10731,"CHOPS","1997-11-06","1997-11-14","Switzerland",NULL,"2","1990","31.5","0.05000000074505806"
10732,"BONAP","1997-11-06","1997-11-07","France",NULL,"1","360","18","0"
10733,"BERGS","1997-11-07","1997-11-10","Sweden",NULL,"3","1458.9999694824219","25.28333282470703","0"
10734,"GOURL","1997-11-07","1997-11-12","Brazil","SP","3","1498.3499908447266","22.963333129882812","0"
10735,"LETSS","1997-11-10","1997-11-21","USA","CA","2","596","20.75","0.10000000149011612"
10736,"HUNGO","1997-11-11","1997-11-21","Ireland","Co. Cork","2","996.9999694824219","14.399999618530273","0"
10737,"VINET","1997-11-11","1997-11-18","France",NULL,"2","139.79999542236328","7.824999809265137","0"
10738,"SPECD","1997-11-12","1997-11-18","France",NULL,"1","52.35000228881836","17.450000762939453","0"
10739,"VINET","1997-11-12","1997-11-17","France",NULL,"2","240","13","0"
10740,"WHITC","1997-11-13","1997-11-25","USA","WA","4","1769.9999923706055","27.774999618530273","0.20000000298023224"
10741,"AROUT","1997-11-14","1997-11-18","UK",NULL,"1","285","19","0.20000000298023224"
10742,"BOTTM","1997-11-14","1997-11-18","Canada","BC","3","3117.999973297119","26.266666412353516","0"
10743,"AROUT","1997-11-17","1997-11-21","UK",NULL,"1","336","12","0.05000000074505806"
10744,"VAFFE","1997-11-17","1997-11-24","Denmark",NULL,"1","919.9999809265137","18.399999618530273","0.20000000298023224"
10745,"QUICK","1997-11-18","1997-11-27","Germany",NULL,"4","4529.800006866455","42.9375","0"
10746,"CHOPS","1997-11-19","1997-11-21","Switzerland",NULL,"4","2311.699993133545","26.324999809265137","0"
10747,"PICCO","1997-11-19","1997-11-26","Austria",NULL,"4","1912.8500003814697","25.512500286102295","0"
10748,"SAVEA","1997-11-20","1997-11-28","USA","ID","3","2195.999984741211","21.799999872843426","0"
10749,"ISLAT","1997-11-20","1997-12-19","UK","Isle of Wight","3","1080","37","0"
10750,"WARTH","1997-11-21","1997-11-24","Finland",NULL,"3","1871.25","29.25","0.15000000596046448"
10751,"RICSU","1997-11-24","1997-12-03","Switzerland",NULL,"4","1701.459976196289","22.09249973297119","0.05000000074505806"
10752,"NORTS","1997-11-24","1997-11-28","UK",NULL,"2","252","27","0"
10753,"FRANS","1997-11-25","1997-11-27","Italy",NULL,"2","88","9.75","0"
10754,"MAGAA","1997-11-25","1997-11-27","Italy",NULL,"1","55.19999885559082","18.399999618530273","0"
10755,"BONAP","1997-11-26","1997-11-28","France",NULL,"4","2598","25.75","0.25"
10756,"SPLIR","1997-11-27","1997-12-02","USA","WY","4","2487.5","32.5","0.20000000298023224"
10757,"SAVEA","1997-11-27","1997-12-15","USA","ID","4","3081.9999771118164","37.88749980926514","0"
10758,"RICSU","1997-11-28","1997-12-04","Switzerland",NULL,"3","1644.5999908447266","17.74333318074544","0"
10759,"ANATR","1997-11-28","1997-12-12","Mexico",NULL,"1","320","32","0"
10760,"MAISD","1997-12-01","1997-12-10","Belgium",NULL,"3","3304.0000610351562","34.63333384195963","0.16666666666666666"
10761,"RATTC","1997-12-02","1997-12-08","USA","NM","2","629.5","10.875","0.125"
10762,"FOLKO","1997-12-02","1997-12-09","Sweden",NULL,"4","4337","29.625","0"
10763,"FOLIG","1997-12-03","1997-12-08","France",NULL,"3","616","11.833333333333334","0"
10764,"ERNSH","1997-12-03","1997-12-08","Austria",NULL,"2","2540","14","0.10000000149011612"
10765,"QUICK","1997-12-04","1997-12-09","Germany",NULL,"1","1683.9999389648438","21.049999237060547","0.10000000149011612"
10766,"OTTIK","1997-12-05","1997-12-09","Germany",NULL,"3","2310","20.5","0"
10767,"SUPRD","1997-12-05","1997-12-15","Belgium",NULL,"1","28","14","0"
10768,"AROUT","1997-12-08","1997-12-15","UK",NULL,"4","1477","22.25","0"
10769,"VAFFE","1997-12-08","1997-12-12","Denmark",NULL,"4","1703.9999771118164","23.612499713897705","0.02500000037252903"
10770,"HANAR","1997-12-09","1997-12-17","Brazil","RJ","1","315","21","0.25"
10771,"ERNSH","1997-12-10","1998-01-02","Austria",NULL,"1","344","21.5","0"
10772,"LEHMS","1997-12-10","1997-12-19","Germany",NULL,"2","3603.220016479492","89.39500045776367","0"
10773,"ERNSH","1997-12-11","1997-12-16","Austria",NULL,"3","2216.25","19.75","0.13333333532015482"
10774,"FOLKO","1997-12-11","1997-12-12","Sweden",NULL,"2","875","14.75","0.125"
10775,"THECR","1997-12-12","1997-12-26","USA","MT","2","228","22.5","0"
10776,"ERNSH","1997-12-15","1997-12-18","Austria",NULL,"4","6984.5","22.25","0.05000000074505806"
10777,"GOURL","1997-12-15","1998-01-21","Brazil","SP","1","280","14","0.20000000298023224"
10778,"BERGS","1997-12-16","1997-12-24","Sweden",NULL,"1","96.49999618530273","9.649999618530273","0"
10779,"MORGK","1997-12-16","1998-01-14","Germany",NULL,"2","1335","33.375","0"
10780,"LILAS","1997-12-16","1997-12-25","Venezuela","Lara","2","720","14","0"
10781,"WARTH","1997-12-17","1997-12-19","Finland",NULL,"3","1132.3499994277954","18.483333269755047","0.13333333532015482"
10782,"CACTU","1997-12-17","1997-12-22","Argentina",NULL,"1","12.5","12.5","0"
10783,"HANAR","1997-12-18","1997-12-19","Brazil","RJ","2","1442.5","138","0"
10784,"MAGAA","1997-12-18","1997-12-22","Italy",NULL,"3","1649.9999771118164","23.933333079020183","0.10000000397364299"
10785,"GROSR","1997-12-18","1997-12-24","Venezuela","DF","2","387.5","19.375","0"
10786,"QUEEN","1997-12-19","1997-12-23","Brazil","SP","3","1913.8499908447266","24.546666463216145","0.20000000298023224"
10787,"LAMAI","1997-12-19","1997-12-26","France",NULL,"2","2760.800018310547","71.39500045776367","0.05000000074505806"
10788,"QUICK","1997-12-22","1998-01-19","Germany",NULL,"2","769.9999904632568","8.474999904632568","0.05000000074505806"
10789,"FOLIG","1997-12-22","1997-12-31","France",NULL,"4","3687.000045776367","34.22500038146973","0"
10790,"GOURL","1997-12-22","1997-12-26","Brazil","SP","2","850","34","0.15000000596046448"
10791,"FRANK","1997-12-23","1998-01-01","Germany",NULL,"2","1926.0600051879883","66.72000026702881","0.05000000074505806"
10792,"WOLZA","1997-12-23","1997-12-31","Poland",NULL,"3","399.8499994277954","12.983333269755045","0"
10793,"AROUT","1997-12-24","1998-01-08","UK",NULL,"2","191.09999465942383","8.324999809265137","0"
10794,"QUEDE","1997-12-24","1998-01-02","Brazil","RJ","2","393.4499988555908","15.349999904632568","0.20000000298023224"
10795,"ERNSH","1997-12-24","1998-01-20","Austria",NULL,"2","2499.2500495910645","28.225000381469727","0.125"
10796,"HILAA","1997-12-25","1998-01-14","Venezuela","Táchira","4","2878.0799980163574","29.982500076293945","0.15000000223517418"
10797,"DRACD","1997-12-25","1998-01-05","Germany",NULL,"1","420","21","0"
10798,"ISLAT","1997-12-26","1998-01-05","UK","Isle of Wight","2","446.59999084472656","42.04999923706055","0"
10799,"KOENE","1997-12-26","1998-01-05","Germany",NULL,"3","1585","21.833333333333332","0.10000000397364299"
10800,"SEVES","1997-12-26","1998-01-05","UK",NULL,"3","1632.149998664856","27.14999993642171","0.10000000149011612"
10801,"BOLID","1997-12-29","1997-12-31","Spain",NULL,"2","4035.800018310547","81.39500045776367","0.25"
10802,"SIMOB","1997-12-29","1998-01-02","Denmark",NULL,"4","3923.7499809265137","38.047499656677246","0.25"
10803,"WELLI","1997-12-30","1998-01-06","Brazil","SP","3","1255.7999954223633","26.06666660308838","0.05000000074505806"
10804,"SEVES","1997-12-30","1998-01-07","UK",NULL,"3","2290.3999633789062","32.199999491373696","0.050000001986821495"
10805,"THEBI","1997-12-30","1998-01-09","USA","OR","2","2775","138.75","0"
10806,"VICTE","1997-12-31","1998-01-05","France",NULL,"3","572.0999984741211","16.683333079020183","0.16666666666666666"
10807,"FRANS","1997-12-31","1998-01-30","Italy",NULL,"1","18.399999618530273","18.399999618530273","0"
10808,"OLDWO","1998-01-01","1998-01-09","USA","AK","2","1660","28","0.15000000596046448"
10809,"WELLI","1998-01-01","1998-01-07","Brazil","SP","1","140","7","0"
10810,"LAUGB","1998-01-01","1998-01-07","Canada","BC","3","187","11.666666666666666","0"
10811,"LINOD","1998-01-02","1998-01-08","Venezuela","Nueva Esparta","3","851.9999856948853","12.199999809265137","0"
10812,"REGGC","1998-01-02","1998-01-12","Italy",NULL,"3","1851.9999694824219","20.099999745686848","0.06666666766007741"
10813,"RICAR","1998-01-05","1998-01-09","Brazil","RJ","2","648","15.5","0.10000000149011612"
10814,"VICTE","1998-01-05","1998-01-14","France",NULL,"4","2069.9999923706055","24.22499990463257","0.11250000447034836"
10815,"SAVEA","1998-01-05","1998-01-14","USA","ID","1","40","2.5","0"
10816,"GREAL","1998-01-06","1998-02-04","USA","OR","2","8890.999984741211","156.39999961853027","0.05000000074505806"
10817,"KOENE","1998-01-06","1998-01-13","Germany",NULL,"4","11490.699939727783","90.60749959945679","0.11250000447034836"
10818,"MAGAA","1998-01-07","1998-01-12","Italy",NULL,"2","832.9999923706055","20.824999809265137","0"
10819,"CACTU","1998-01-07","1998-01-16","Argentina",NULL,"2","477","26.875","0"
10820,"RATTC","1998-01-07","1998-01-13","USA","NM","1","1140","38","0"
10821,"SPLIR","1998-01-08","1998-01-15","USA","WY","2","678","35.5","0"
10822,"TRAIH","1998-01-08","1998-01-16","USA","WA","2","237.89999771118164","32.14999961853027","0"
10823,"LILAS","1998-01-09","1998-01-13","Venezuela","Lara","4","3107.5","27.125","0.07500000111758709"
10824,"FOLKO","1998-01-09","1998-01-30","Sweden",NULL,"2","250.79999542236328","12.324999809265137","0"
10825,"DRACD","1998-01-09","1998-01-14","Germany",NULL,"2","1030.7599792480469","32.01499938964844","0"
10826,"BLONP","1998-01-12","1998-02-06","France",NULL,"2","730","16","0"
10827,"BONAP","1998-01-12","1998-02-06","France",NULL,"2","843","24.5","0"
10828,"RANCH","1998-01-13","1998-02-04","Argentina",NULL,"2","932","172.25","0"
10829,"ISLAT","1998-01-13","1998-01-23","UK","Isle of Wight","4","1764","24.75","0"
10830,"TRADH","1998-01-13","1998-01-21","Brazil","SP","4","1974","22.375","0"
10831,"SANTG","1998-01-14","1998-01-23","Norway",NULL,"4","2684.3999996185303","84.17499995231628","0"
10832,"LAMAI","1998-01-14","1998-01-19","France",NULL,"4","568.9500122070312","18.175000190734863","0.15000000223517418"
10833,"OTTIK","1998-01-15","1998-01-23","Germany",NULL,"3","1007.6999931335449","25.099999745686848","0.10000000149011612"
10834,"TRADH","1998-01-15","1998-01-19","Brazil","SP","2","1508.1199951171875","74.84000015258789","0.05000000074505806"
10835,"ALFKI","1998-01-15","1998-01-21","Germany",NULL,"2","851","34","0.10000000149011612"
10836,"ERNSH","1998-01-16","1998-01-21","Austria",NULL,"5","4705.5","25.15","0"
10837,"BERGS","1998-01-16","1998-01-23","Sweden",NULL,"4","1253.9999904632568","12.974999904632568","0.125"
10838,"LINOD","1998-01-19","1998-01-23","Venezuela","Nueva Esparta","3","2584.5","33.166666666666664","0.25"
10839,"TRADH","1998-01-19","1998-01-22","Brazil","SP","2","919.4999885559082","24.024999618530273","0.10000000149011612"
10840,"LINOD","1998-01-19","1998-02-16","Venezuela","Nueva Esparta","2","264","16","0.20000000298023224"
10841,"SUPRD","1998-01-20","1998-01-29","Belgium",NULL,"4","4581","34.25","0"
10842,"TORTU","1998-01-20","1998-01-29","Mexico",NULL,"4","975","23.625","0"
10843,"VICTE","1998-01-21","1998-01-26","France",NULL,"1","212","53","0.25"
10844,"PICCO","1998-01-21","1998-01-26","Austria",NULL,"1","735","21","0"
10845,"QUICK","1998-01-21","1998-01-30","Germany",NULL,"5","4059","17.5","0.0800000011920929"
10846,"SUPRD","1998-01-22","1998-01-23","Belgium",NULL,"3","1112","15.666666666666666","0"
10847,"SAVEA","1998-01-22","1998-02-10","USA","ID","6","6164.899997711182","19.699999968210857","0.20000000298023224"
10848,"CONSH","1998-01-23","1998-01-29","UK",NULL,"2","931.5000114440918","59.17500019073486","0"
10849,"KOENE","1998-01-23","1998-01-30","Germany",NULL,"2","1052.139991760254","20.614999771118164","0.07500000298023224"
10850,"VICTE","1998-01-23","1998-01-30","France",NULL,"3","740","10.5","0.15000000596046448"
10851,"RICAR","1998-01-26","1998-02-02","Brazil","RJ","4","2740","26.875","0.05000000074505806"
10852,"RATTC","1998-01-26","1998-01-30","USA","NM","3","2983.9999618530273","35.766666412353516","0"
10853,"BLAUS","1998-01-27","1998-02-03","Germany",NULL,"1","625","62.5","0"
10854,"ERNSH","1998-01-27","1998-02-05","Austria",NULL,"2","3490","18.5","0.15000000596046448"
10855,"OLDWO","1998-01-27","1998-02-04","USA","AK","4","2275.250026702881","22.25","0.03750000149011612"
10856,"ANTON","1998-01-28","1998-02-10","Mexico",NULL,"2","660","16.5","0"
10857,"BERGS","1998-01-28","1998-02-06","Sweden",NULL,"3","2630.949993133545","55.006666819254555","0.16666666666666666"
10858,"LACOR","1998-01-29","1998-02-03","France",NULL,"3","649.0000152587891","29.633333841959637","0"
10859,"FRANK","1998-01-29","1998-02-02","Germany",NULL,"3","1438.2499933242798","15.066666603088379","0.25"
10860,"FRANR","1998-01-29","1998-02-04","France",NULL,"2","519","35.5","0"
10861,"WHITC","1998-01-30","1998-02-17","USA","WA","5","3523.3999977111816","32.65999984741211","0"
10862,"LEHMS","1998-01-30","1998-02-02","Germany",NULL,"2","581","14","0"
10863,"HILAA","1998-02-02","1998-02-17","Venezuela","Táchira","2","519","15.625","0.15000000596046448"
10864,"AROUT","1998-02-02","1998-02-09","UK",NULL,"2","282","16","0"
10865,"QUICK","1998-02-02","1998-02-12","Germany",NULL,"2","17250","140.75","0.05000000074505806"
10866,"BERGS","1998-02-03","1998-02-12","Sweden",NULL,"3","1461.5999755859375","16.463333129882812","0.25"
10867,"LONEP","1998-02-03","1998-02-11","USA","OR","1","98.39999771118164","32.79999923706055","0"
10868,"QUEEN","1998-02-04","1998-02-23","Brazil","SP","3","2004.5999908447266","23.076666514078777","0.033333333830038704"
10869,"SEVES","1998-02-04","1998-02-09","UK",NULL,"4","1630","15.125","0"
10870,"WOLZA","1998-02-04","1998-02-13","Poland",NULL,"2","160","35.5","0"
10871,"BONAP","1998-02-05","1998-02-10","France",NULL,"3","2083.4000091552734","27.150000254313152","0.05000000074505806"
10872,"GODOS","1998-02-05","1998-02-09","Spain",NULL,"4","2166.7999687194824","31.899999618530273","0.05000000074505806"
10873,"WILMK","1998-02-06","1998-02-09","Finland",NULL,"2","336.7999954223633","27.799999237060547","0"
10874,"GODOS","1998-02-06","1998-02-11","Spain",NULL,"1","310","31","0"
10875,"BERGS","1998-02-06","1998-03-03","Sweden",NULL,"3","729.4999952316284","12.899999936421713","0.033333333830038704"
10876,"BONAP","1998-02-09","1998-02-12","France",NULL,"2","917","22.625","0"
10877,"RICAR","1998-02-09","1998-02-19","Brazil","RJ","2","2086.0000228881836","39.97500038146973","0.125"
10878,"QUICK","1998-02-10","1998-02-12","Germany",NULL,"1","1620","81","0.05000000074505806"
10879,"WILMK","1998-02-10","1998-02-12","Finland",NULL,"3","611.2999877929688","19.149999618530273","0"
10880,"FOLKO","1998-02-10","1998-02-18","Sweden",NULL,"3","1875","17.5","0.20000000298023224"
10881,"CACTU","1998-02-11","1998-02-18","Argentina",NULL,"1","150","15","0"
10882,"SAVEA","1998-02-11","1998-02-20","USA","ID","3","988.3999938964844","13.816666603088379","0.10000000397364299"
10883,"LONEP","1998-02-12","1998-02-20","USA","OR","1","36","4.5","0"
10884,"LETSS","1998-02-12","1998-02-13","USA","CA","3","1450.5999908447266","23.016666412353516","0.05000000074505806"
10885,"SUPRD","1998-02-12","1998-02-18","Belgium",NULL,"4","1209","12.875","0"
10886,"HANAR","1998-02-13","1998-03-02","Brazil","RJ","3","3127.5","18.833333333333332","0"
10887,"GALED","1998-02-13","1998-02-16","Spain",NULL,"1","70","14","0"
10888,"GODOS","1998-02-16","1998-02-23","Spain",NULL,"2","605","15.75","0"
10889,"RATTC","1998-02-16","1998-02-23","USA","NM","2","11380","142.25","0"
10890,"DUMON","1998-02-16","1998-02-18","France",NULL,"3","860.0999946594238","20.883333206176758","0"
10891,"LEHMS","1998-02-17","1998-02-19","Germany",NULL,"1","388.34999084472656","25.889999389648438","0.05000000074505806"
10892,"MAISD","1998-02-17","1998-02-19","Belgium",NULL,"1","2200","55","0.05000000074505806"
10893,"KOENE","1998-02-18","1998-02-20","Germany",NULL,"5","5502.110000610352","42.636000061035155","0"
10894,"SAVEA","1998-02-18","1998-02-20","USA","ID","3","2898","16.583333333333332","0.05000000074505806"
10895,"ERNSH","1998-02-18","1998-02-23","Austria",NULL,"4","6379.399965286255","18.72499990463257","0"
10896,"MAISD","1998-02-19","1998-02-27","Belgium",NULL,"2","750.5","23.75","0"
10897,"HUNGO","1998-02-19","1998-02-25","Ireland","Co. Cork","2","10835.240051269531","74.84000015258789","0"
10898,"OCEAN","1998-02-20","1998-03-06","Argentina",NULL,"1","30","6","0"
10899,"LILAS","1998-02-20","1998-02-26","Venezuela","Lara","1","144","18","0.15000000596046448"
10900,"WELLI","1998-02-20","1998-03-04","Brazil","SP","1","45","15","0.25"
10901,"HILAA","1998-02-23","1998-02-26","Venezuela","Táchira","2","934.4999885559082","15.574999809265137","0"
10902,"FOLKO","1998-02-23","1998-03-03","Sweden",NULL,"2","1015.7999954223633","36.64999961853027","0.15000000596046448"
10903,"HANAR","1998-02-24","1998-03-04","Brazil","RJ","3","932.0499839782715","13.183333079020182","0"
10904,"WHITC","1998-02-24","1998-02-27","USA","WA","2","1924.2499732971191","31.274999618530273","0"
10905,"WELLI","1998-02-24","1998-03-06","Brazil","SP","1","360","18","0.05000000074505806"
10906,"WOLZA","1998-02-25","1998-03-03","Poland",NULL,"1","427.5","28.5","0"
10907,"SPECD","1998-02-25","1998-02-27","France",NULL,"1","108.5","7.75","0"
10908,"REGGC","1998-02-26","1998-03-06","Italy",NULL,"2","698","18.5","0.05000000074505806"
10909,"SANTG","1998-02-26","1998-03-10","Norway",NULL,"3","670.0000095367432","19.03333346048991","0"
10910,"WILMK","1998-02-26","1998-03-04","Finland",NULL,"3","452.89999771118164","19.233333269755047","0"
10911,"GODOS","1998-02-26","1998-03-05","Spain",NULL,"3","858","23.666666666666668","0"
10912,"HUNGO","1998-02-26","1998-03-18","Ireland","Co. Cork","2","8267.40005493164","72.39500045776367","0.25"
10913,"QUEEN","1998-02-26","1998-03-04","Brazil","SP","3","958.75","12.583333333333334","0.16666666666666666"
10914,"QUEEN","1998-02-27","1998-03-02","Brazil","SP","1","537.5","21.5","0"
10915,"TORTU","1998-02-27","1998-03-02","Mexico",NULL,"3","539.4999980926514","16.31666660308838","0"
10916,"RANCH","1998-02-27","1998-03-09","Argentina",NULL,"3","686.7000045776367","22.983333587646484","0"
10917,"ROMEY","1998-03-02","1998-03-11","Spain",NULL,"2","365.88999938964844","29.94499969482422","0"
10918,"BOTTM","1998-03-02","1998-03-11","Canada","BC","2","1930","26","0.25"
10919,"LINOD","1998-03-02","1998-03-04","Venezuela","Nueva Esparta","3","1122.8000106811523","16.616666793823242","0"
10920,"AROUT","1998-03-03","1998-03-09","UK",NULL,"1","390","16.25","0"
10921,"VAFFE","1998-03-03","1998-03-09","Denmark",NULL,"2","1936.0000610351562","30.950000762939453","0"
10922,"HANAR","1998-03-03","1998-03-05","Brazil","RJ","2","742.5","21.75","0"
10923,"LAMAI","1998-03-03","1998-03-13","France",NULL,"3","936","24.666666666666668","0.20000000298023224"
10924,"BERGS","1998-03-04","1998-04-08","Sweden",NULL,"3","2034.4999542236328","28.116666158040363","0.06666666766007741"
10925,"HANAR","1998-03-04","1998-03-13","Brazil","RJ","2","559","13","0.15000000596046448"
10926,"ANATR","1998-03-04","1998-03-11","Mexico",NULL,"4","514.3999910354614","17.74999976158142","0"
10927,"LACOR","1998-03-05","1998-04-08","France",NULL,"3","800","35.333333333333336","0"
10928,"GALED","1998-03-05","1998-03-18","Spain",NULL,"2","137.5","13.75","0"
10929,"FRANK","1998-03-05","1998-03-12","Germany",NULL,"3","1174.75","10.25","0"
10930,"SUPRD","1998-03-06","1998-03-18","Belgium",NULL,"4","2455.0000381469727","22.787500381469727","0.10000000149011612"
10931,"RICSU","1998-03-06","1998-03-19","Switzerland",NULL,"2","837","12.75","0.07500000298023224"
10932,"BONAP","1998-03-06","1998-03-24","France",NULL,"4","1925.5","27.324999809265137","0.07500000111758709"
10933,"ISLAT","1998-03-06","1998-03-16","UK","Isle of Wight","2","920.5999984741211","30.649999618530273","0"
10934,"LEHMS","1998-03-09","1998-03-12","Germany",NULL,"1","500","25","0"
10935,"WELLI","1998-03-09","1998-03-18","Brazil","SP","3","700","29.833333333333332","0.16666666666666666"
10936,"GREAL","1998-03-09","1998-03-18","USA","OR","1","570","19","0.20000000298023224"
10937,"CACTU","1998-03-10","1998-03-13","Argentina",NULL,"2","644.7999877929688","29.799999237060547","0"
10938,"QUICK","1998-03-10","1998-03-16","Germany",NULL,"4","3642.5","26.875","0.25"
10939,"MAGAA","1998-03-10","1998-03-13","Italy",NULL,"2","750","16.5","0.15000000596046448"
10940,"BONAP","1998-03-11","1998-03-23","France",NULL,"2","360","18","0"
10941,"SAVEA","1998-03-11","1998-03-20","USA","ID","4","4768.999938964844","27.274999618530273","0.1875"
10942,"REGGC","1998-03-11","1998-03-18","Italy",NULL,"1","560","20","0"
10943,"BSBEV","1998-03-11","1998-03-19","UK",NULL,"3","711","13","0"
10944,"BOTTM","1998-03-12","1998-03-13","Canada","BC","3","1139.1000137329102","26.150000254313152","0.16666666666666666"
10945,"MORGK","1998-03-12","1998-03-18","Germany",NULL,"2","245","9.25","0"
10946,"VAFFE","1998-03-12","1998-03-19","Denmark",NULL,"3","1407.5","16.166666666666668","0"
10947,"BSBEV","1998-03-13","1998-03-16","UK",NULL,"1","220","55","0"
10948,"GODOS","1998-03-13","1998-03-19","Spain",NULL,"3","2362.25","31.083333333333332","0"
10949,"BOTTM","1998-03-13","1998-03-17","Canada","BC","4","4421.999954223633","36.07499980926514","0"
10950,"MAGAA","1998-03-16","1998-03-23","Italy",NULL,"1","110","22","0"
10951,"RICSU","1998-03-16","1998-04-07","Switzerland",NULL,"3","482.89999771118164","6.633333206176758","0.05000000074505806"
10952,"ALFKI","1998-03-16","1998-03-24","Germany",NULL,"2","491.1999969482422","35.29999923706055","0.02500000037252903"
10953,"AROUT","1998-03-16","1998-03-25","UK",NULL,"2","4675","46.75","0.05000000074505806"
10954,"LINOD","1998-03-17","1998-03-20","Venezuela","Nueva Esparta","4","1902.1000213623047","18.362500190734863","0.11250000447034836"
10955,"FOLKO","1998-03-17","1998-03-20","Sweden",NULL,"1","93","7.75","0.20000000298023224"
10956,"BLAUS","1998-03-17","1998-03-20","Germany",NULL,"3","677","24.166666666666668","0"
10957,"HILAA","1998-03-18","1998-03-27","Venezuela","Táchira","3","1762.6999816894531","25.713333129882812","0"
10958,"OCEAN","1998-03-18","1998-03-27","Argentina",NULL,"3","781.0000038146973","28.71666653951009","0"
10959,"GOURL","1998-03-18","1998-03-23","Brazil","SP","1","155","7.75","0.15000000596046448"
10960,"HILAA","1998-03-19","1998-04-08","Venezuela","Táchira","2","276.59999084472656","7.074999809265137","0.125"
10961,"QUEEN","1998-03-19","1998-03-30","Brazil","SP","2","1122","12.5","0.02500000037252903"
10962,"QUICK","1998-03-19","1998-03-23","Germany",NULL,"5","3583.999984741211","24.559999847412108","0"
10963,"FURIB","1998-03-19","1998-03-26","Portugal",NULL,"1","68","34","0.15000000596046448"
10964,"SPECD","1998-03-20","1998-03-24","France",NULL,"3","2052.5","120.66666666666667","0"
10965,"OLDWO","1998-03-20","1998-03-30","USA","AK","1","848","53","0"
10966,"CHOPS","1998-03-20","1998-04-08","Switzerland",NULL,"3","1255.5999908447266","37.766666412353516","0.10000000397364299"
10967,"TOMSP","1998-03-23","1998-04-02","Germany",NULL,"2","910.3999977111816","14.599999904632568","0"
10968,"ERNSH","1998-03-23","1998-04-01","Austria",NULL,"3","1408","25.25","0"
10969,"COMMI","1998-03-23","1998-03-30","Brazil","SP","1","108","12","0"
10970,"BOLID","1998-03-24","1998-04-24","Spain",NULL,"1","280","7","0.20000000298023224"
10971,"FRANR","1998-03-24","1998-04-02","France",NULL,"1","1733.0600128173828","123.79000091552734","0"
10972,"LACOR","1998-03-24","1998-03-26","France",NULL,"2","251.5","20.75","0"
10973,"LACOR","1998-03-24","1998-03-27","France",NULL,"3","291.5499954223633","16.209999720255535","0"
10974,"SPLIR","1998-03-25","1998-04-03","USA","WY","1","439.00001525878906","43.900001525878906","0"
10975,"BOTTM","1998-03-25","1998-03-27","Canada","BC","2","717.5","23.875","0"
10976,"HILAA","1998-03-25","1998-04-03","Venezuela","Táchira","1","911.9999694824219","45.599998474121094","0"
10977,"FOLKO","1998-03-26","1998-04-10","Sweden",NULL,"4","2233.000030517578","31.100000381469727","0"
10978,"MAISD","1998-03-26","1998-04-23","Belgium",NULL,"4","1500.7000007629395","21.96250009536743","0.11250000447034836"
10979,"ERNSH","1998-03-26","1998-03-31","Austria",NULL,"6","4813.500099182129","28.8000005086263","0"
10980,"FOLKO","1998-03-27","1998-04-17","Sweden",NULL,"1","310","7.75","0.20000000298023224"
10981,"HANAR","1998-03-27","1998-04-02","Brazil","RJ","1","15810","263.5","0"
10982,"BOTTM","1998-03-27","1998-04-08","Canada","BC","2","1014","38","0"
10983,"SAVEA","1998-03-27","1998-04-06","USA","ID","2","796.5","12.75","0.07500000298023224"
10984,"SAVEA","1998-03-30","1998-04-03","USA","ID","3","1809.75004196167","13.65000025431315","0"
10985,"HUNGO","1998-03-30","1998-04-02","Ireland","Co. Cork","3","2248.2000274658203","37.31666692097982","0.10000000149011612"
10986,"OCEAN","1998-03-30","1998-04-21","Argentina",NULL,"4","2220","33.25","0"
10987,"EASTC","1998-03-31","1998-04-06","UK",NULL,"3","2771.999984741211","36.93333307902018","0"
10988,"RATTC","1998-03-31","1998-04-10","USA","NM","2","3771.999969482422","39.64999961853027","0.05000000074505806"
10989,"QUEDE","1998-03-31","1998-04-02","Brazil","RJ","3","1353.599998474121","18.549999872843426","0"
10990,"ERNSH","1998-04-01","1998-04-07","Austria",NULL,"4","4931","19.125","0.11250000447034836"
10991,"QUICK","1998-04-01","1998-04-07","Germany",NULL,"3","2870","17.333333333333332","0.20000000298023224"
10992,"THEBI","1998-04-01","1998-04-03","USA","OR","1","69.5999984741211","34.79999923706055","0"
10993,"FOLKO","1998-04-01","1998-04-10","Sweden",NULL,"2","6527.250032424927","66.72000026702881","0.25"
10994,"VAFFE","1998-04-02","1998-04-09","Denmark",NULL,"1","990","55","0.05000000074505806"
10995,"PERIC","1998-04-02","1998-04-06","Mexico",NULL,"2","1196","43.5","0"
10996,"QUICK","1998-04-02","1998-04-10","Germany",NULL,"1","560","14","0"
10997,"LILAS","1998-04-03","1998-04-13","Venezuela","Lara","3","1980","17","0.16666666666666666"
10998,"WOLZA","1998-04-03","1998-04-17","Poland",NULL,"4","686","12.6875","0"
10999,"OTTIK","1998-04-03","1998-04-10","Germany",NULL,"3","1260.9999923706055","25.21666653951009","0.05000000074505806"
11000,"RATTC","1998-04-06","1998-04-14","USA","NM","3","1075","13.166666666666666","0.16666666666666666"
11001,"FOLKO","1998-04-06","1998-04-14","Sweden",NULL,"4","2769","21.75","0"
11002,"SAVEA","1998-04-06","1998-04-16","USA","ID","4","1902","15.5","0.07500000298023224"
11003,"THECR","1998-04-06","1998-04-08","USA","MT","3","325.99999618530273","14.466666539510092","0"
11004,"MAISD","1998-04-07","1998-04-20","Belgium",NULL,"2","295.37999725341797","24.614999771118164","0"
11005,"WILMK","1998-04-07","1998-04-10","Finland",NULL,"2","586","36.5","0"
11006,"GREAL","1998-04-07","1998-04-15","USA","OR","2","391.5800018310547","70.89500045776367","0.125"
11007,"PRINI","1998-04-08","1998-04-13","Portugal",NULL,"3","2633.9000091552734","59.26333363850912","0"
11008,"ERNSH","1998-04-08",NULL,"Austria",NULL,"3","4903.499893188477","27.03333282470703","0.033333333830038704"
11009,"GODOS","1998-04-08","1998-04-10","Spain",NULL,"3","702","19.166666666666668","0.08333333333333333"
11010,"REGGC","1998-04-09","1998-04-21","Italy",NULL,"2","645","17.25","0"
11011,"ALFKI","1998-04-09","1998-04-13","Germany",NULL,"2","960","17.375","0.02500000037252903"
11012,"FRANK","1998-04-09","1998-04-17","Germany",NULL,"3","2973.999990463257","21.56666660308838","0.05000000074505806"
11013,"ROMEY","1998-04-09","1998-04-10","Spain",NULL,"4","361","11.25","0"
11014,"LINOD","1998-04-10","1998-04-15","Venezuela","Nueva Esparta","1","270.19998931884766","9.649999618530273","0.10000000149011612"
11015,"SANTG","1998-04-10","1998-04-20","Norway",NULL,"2","622.3499908447266","19.44499969482422","0"
11016,"AROUT","1998-04-10","1998-04-13","UK",NULL,"2","491.5","15.75","0"
11017,"ERNSH","1998-04-13","1998-04-20","Austria",NULL,"3","6750","26.666666666666668","0"
11018,"LONEP","1998-04-13","1998-04-16","USA","OR","3","1575","46.166666666666664","0"
11019,"RANCH","1998-04-13",NULL,"Argentina",NULL,"2","76","16","0"
11020,"OTTIK","1998-04-14","1998-04-16","Germany",NULL,"1","744","31","0.15000000596046448"
11021,"QUICK","1998-04-14","1998-04-21","Germany",NULL,"5","6941.489944458008","43.805999755859375","0.1"
11022,"HANAR","1998-04-14","1998-05-04","Brazil","RJ","2","1401.9999933242798","22.59999990463257","0"
11023,"BSBEV","1998-04-14","1998-04-24","UK",NULL,"2","1500","38","0"
11024,"EASTC","1998-04-15","1998-04-20","UK",NULL,"4","1966.8099784851074","19.06999969482422","0"
11025,"WARTH","1998-04-15","1998-04-24","Finland",NULL,"2","300","12","0.10000000149011612"
11026,"FRANS","1998-04-15","1998-04-28","Italy",NULL,"2","1030","57.75","0"
11027,"BOTTM","1998-04-16","1998-04-20","Canada","BC","2","1170.2999839782715","26.899999618530273","0.25"
11028,"KOENE","1998-04-16","1998-04-22","Germany",NULL,"2","2160","39.5","0"
11029,"CHOPS","1998-04-16","1998-04-27","Switzerland",NULL,"2","1286.8000183105469","40.95000076293945","0"
11030,"SAVEA","1998-04-17","1998-04-27","USA","ID","4","16321.900081634521","54.78500032424927","0.1875"
11031,"SAVEA","1998-04-17","1998-04-24","USA","ID","5","2393.5","16.65","0"
11032,"WHITC","1998-04-17","1998-04-23","USA","WA","3","8902.5","112.5","0"
11033,"RICSU","1998-04-17","1998-04-23","Switzerland",NULL,"2","3591.9999465942383","34.39999961853027","0.10000000149011612"
11034,"OLDWO","1998-04-20","1998-04-27","USA","AK","3","554.4000091552734","19.316666920979817","0.033333333830038704"
11035,"SUPRD","1998-04-20","1998-04-24","Belgium",NULL,"4","1754.4999980926514","14.362499952316284","0"
11036,"DRACD","1998-04-20","1998-04-22","Germany",NULL,"2","1692","30.5","0"
11037,"GODOS","1998-04-21","1998-04-27","Spain",NULL,"1","60","15","0"
11038,"SUPRD","1998-04-21","1998-04-30","Belgium",NULL,"3","750.9999980926514","15.633333206176758","0.06666666766007741"
11039,"LINOD","1998-04-21",NULL,"Venezuela","Nueva Esparta","4","3089.999969482422","25.774999618530273","0"
11040,"GREAL","1998-04-22",NULL,"USA","OR","1","200","10","0"
11041,"CHOPS","1998-04-22","1998-04-28","Switzerland",NULL,"2","1887.0000457763672","31.450000762939453","0.10000000149011612"
11042,"COMMI","1998-04-22","1998-05-01","Brazil","SP","2","405.7500114440918","23.975000381469727","0"
11043,"SPECD","1998-04-22","1998-04-29","France",NULL,"1","210","21","0"
11044,"WOLZA","1998-04-23","1998-05-01","Poland",NULL,"1","591.5999908447266","49.29999923706055","0"
11045,"BOTTM","1998-04-23",NULL,"Canada","BC","2","1309.5","27.75","0"
11046,"WANDK","1998-04-23","1998-04-24","Germany",NULL,"3","1564","29.333333333333332","0.05000000074505806"
11047,"EASTC","1998-04-24","1998-05-01","UK",NULL,"2","1090.5000114440918","19.675000190734863","0.25"
11048,"BOTTM","1998-04-24","1998-04-30","Canada","BC","1","525","12.5","0"
11049,"GOURL","1998-04-24","1998-05-04","Brazil","SP","2","342","28.5","0.20000000298023224"
11050,"FOLKO","1998-04-27","1998-05-05","Sweden",NULL,"1","900","18","0.10000000149011612"
11051,"LAMAI","1998-04-27",NULL,"France",NULL,"1","45","4.5","0.20000000298023224"
11052,"HANAR","1998-04-27","1998-05-01","Brazil","RJ","2","1665","37.25","0.20000000298023224"
11053,"PICCO","1998-04-27","1998-04-29","Austria",NULL,"3","3658.75","42.583333333333336","0.13333333532015482"
11054,"CACTU","1998-04-28",NULL,"Argentina",NULL,"2","305","8.25","0"
11055,"HILAA","1998-04-28","1998-05-05","Venezuela","Táchira","4","1727.5","22.75","0"
11056,"EASTC","1998-04-28","1998-05-01","UK",NULL,"3","3740","29.333333333333332","0"
11057,"NORTS","1998-04-29","1998-05-01","UK",NULL,"1","45","15","0"
11058,"BLAUS","1998-04-29",NULL,"Germany",NULL,"3","858","24.166666666666668","0"
11059,"RICAR","1998-04-29",NULL,"Brazil","RJ","3","1838","26.333333333333332","0"
11060,"FRANS","1998-04-30","1998-05-04","Italy",NULL,"2","266","23.5","0"
11061,"GREAL","1998-04-30",NULL,"USA","OR","1","510","34","0"
11062,"REGGC","1998-04-30",NULL,"Italy",NULL,"2","507.99999237060547","23.899999618530273","0.20000000298023224"
11063,"HUNGO","1998-04-30","1998-05-06","Ireland","Co. Cork","3","1445.4999732971191","14.016666412353516","0.06666666766007741"
11064,"SAVEA","1998-05-01","1998-05-04","USA","ID","5","4722.299976348877","23.589999771118165","0.06000000089406967"
11065,"LILAS","1998-05-01",NULL,"Venezuela","Lara","2","252.55999374389648","16.669999599456787","0.25"
11066,"WHITC","1998-05-01","1998-05-04","USA","WA","3","928.7499942779541","13.550000190734863","0"
11067,"DRACD","1998-05-04","1998-05-06","Germany",NULL,"1","86.84999656677246","9.649999618530273","0"
11068,"QUEEN","1998-05-04",NULL,"Brazil","SP","3","2384.7999877929688","34.86666615804037","0.15000000596046448"
11069,"TORTU","1998-05-04","1998-05-06","Mexico",NULL,"1","360","18","0"
11070,"LEHMS","1998-05-05",NULL,"Germany",NULL,"4","1873.5000228881836","16.737500190734863","0.11250000447034836"
11071,"LILAS","1998-05-05",NULL,"Venezuela","Lara","2","510","18","0.05000000074505806"
11072,"ERNSH","1998-05-05",NULL,"Austria",NULL,"4","5217.999984741211","19.53749990463257","0"
11073,"PERIC","1998-05-05",NULL,"Mexico",NULL,"2","300","12.75","0"
11074,"SIMOB","1998-05-06",NULL,"Denmark",NULL,"1","244.30001068115234","17.450000762939453","0.05000000074505806"
11075,"RICSU","1998-05-06",NULL,"Switzerland",NULL,"3","586","16.333333333333332","0.15000000596046448"
11076,"BONAP","1998-05-06",NULL,"France",NULL,"3","1056.9999980926514","19.14999993642171","0.25"
11077,"RATTC","1998-05-06",NULL,"USA","NM","25","1374.6000003814697","22.974000015258788","0.02760000005364418"
